RateDate,FromCurrency,ToCurrency,Rate
2025-01-01,USD,USD,0.979300
2025-01-01,EUR,USD,1.055782
2025-01-01,GBP,USD,1.245587
2025-01-01,JPY,USD,0.006843
2025-01-01,CAD,USD,0.721638
2025-01-01,AUD,USD,0.660404
2025-01-02,USD,USD,0.997221
2025-01-02,EUR,USD,1.077207
2025-01-02,GBP,USD,1.250337
2025-01-02,JPY,USD,0.006522
2025-01-02,CAD,USD,0.718143
2025-01-02,AUD,USD,0.669834
2025-01-03,USD,USD,0.996197
2025-01-03,EUR,USD,1.047778
2025-01-03,GBP,USD,1.237310
2025-01-03,JPY,USD,0.006536
2025-01-03,CAD,USD,0.744388
2025-01-03,AUD,USD,0.654653
2025-01-04,USD,USD,0.983778
2025-01-04,EUR,USD,1.088401
2025-01-04,GBP,USD,1.287837
2025-01-04,JPY,USD,0.006849
2025-01-04,CAD,USD,0.720289
2025-01-04,AUD,USD,0.645953
2025-01-05,USD,USD,0.971924
2025-01-05,EUR,USD,1.064776
2025-01-05,GBP,USD,1.279760
2025-01-05,JPY,USD,0.006730
2025-01-05,CAD,USD,0.720856
2025-01-05,AUD,USD,0.652991
2025-01-06,USD,USD,1.016743
2025-01-06,EUR,USD,1.059935
2025-01-06,GBP,USD,1.250783
2025-01-06,JPY,USD,0.006595
2025-01-06,CAD,USD,0.734153
2025-01-07,USD,USD,1.019178
2025-01-07,EUR,USD,1.097565
2025-01-07,GBP,USD,1.266112
2025-01-07,CAD,USD,0.760720
2025-01-07,AUD,USD,0.672629
2025-01-08,USD,USD,1.007344
2025-01-08,EUR,USD,1.099764
2025-01-08,GBP,USD,1.279722
2025-01-08,JPY,USD,0.006680
2025-01-08,CAD,USD,0.734702
2025-01-09,USD,USD,1.006258
2025-01-09,EUR,USD,1.110318
2025-01-09,GBP,USD,1.290077
2025-01-09,JPY,USD,0.006639
2025-01-09,CAD,USD,0.721528
2025-01-09,AUD,USD,0.647692
2025-01-10,USD,USD,1.005331
2025-01-10,GBP,USD,1.277784
2025-01-10,JPY,USD,0.006516
2025-01-10,CAD,USD,0.745749
2025-01-10,AUD,USD,0.672990
2025-01-11,USD,USD,0.982158
2025-01-11,EUR,USD,1.090624
2025-01-11,JPY,USD,0.000000
2025-01-11,CAD,USD,0.741687
2025-01-11,AUD,USD,0.666041
2025-01-12,USD,USD,1.004858
2025-01-12,EUR,USD,1.096854
2025-01-12,GBP,USD,1.282013
2025-01-12,JPY,USD,0.006525
2025-01-12,CAD,USD,0.756211
2025-01-12,AUD,USD,0.664212
2025-01-13,USD,USD,1.020306
2025-01-13,EUR,USD,1.065636
2025-01-13,GBP,USD,1.237024
2025-01-13,JPY,USD,0.006578
2025-01-13,CAD,USD,0.747405
2025-01-13,AUD,USD,0.673623
2025-01-14,USD,USD,0.997710
2025-01-14,EUR,USD,1.098461
2025-01-14,GBP,USD,1.267268
2025-01-14,JPY,USD,0.006853
2025-01-14,CAD,USD,0.736750
2025-01-14,AUD,USD,0.676187
2025-01-15,USD,USD,0.999451
2025-01-15,EUR,USD,1.086132
2025-01-15,GBP,USD,1.284162
2025-01-15,JPY,USD,0.006559
2025-01-15,CAD,USD,0.755287
2025-01-15,AUD,USD,0.649710
2025-01-16,USD,USD,1.026025
2025-01-16,EUR,USD,1.094943
2025-01-16,JPY,USD,0.006642
2025-01-16,CAD,USD,0.756840
2025-01-16,AUD,USD,0.658926
2025-01-17,USD,USD,0.977843
2025-01-17,EUR,USD,1.064587
2025-01-17,GBP,USD,1.269933
2025-01-17,JPY,USD,0.006895
2025-01-17,CAD,USD,0.759763
2025-01-17,AUD,USD,0.661467
2025-01-18,USD,USD,1.005415
2025-01-18,GBP,USD,1.238015
2025-01-18,JPY,USD,0.006858
2025-01-18,CAD,USD,0.724402
2025-01-18,AUD,USD,0.643726
2025-01-19,USD,USD,0.981349
2025-01-19,EUR,USD,1.061395
2025-01-19,GBP,USD,1.268353
2025-01-19,JPY,USD,0.006657
2025-01-19,CAD,USD,0.749932
2025-01-19,AUD,USD,0.653245
2025-01-20,USD,USD,0.980300
2025-01-20,EUR,USD,1.097856
2025-01-20,GBP,USD,1.270319
2025-01-20,JPY,USD,0.006661
2025-01-20,CAD,USD,0.730693
2025-01-20,AUD,USD,0.662795
2025-01-21,USD,USD,1.004741
2025-01-21,EUR,USD,1.080692
2025-01-21,GBP,USD,1.292343
2025-01-21,JPY,USD,0.006789
2025-01-21,CAD,USD,0.751457
2025-01-21,AUD,USD,0.678431
2025-01-22,USD,USD,0.998951
2025-01-22,EUR,USD,1.067082
2025-01-22,GBP,USD,1.254857
2025-01-22,JPY,USD,0.006640
2025-01-22,CAD,USD,0.720851
2025-01-22,AUD,USD,0.674139
2025-01-23,USD,USD,0.979475
2025-01-23,EUR,USD,1.095103
2025-01-23,GBP,USD,1.297024
2025-01-23,JPY,USD,0.006667
2025-01-23,CAD,USD,0.726656
2025-01-23,AUD,USD,0.675441
2025-01-24,USD,USD,1.018395
2025-01-24,EUR,USD,1.073503
2025-01-24,GBP,USD,1.302213
2025-01-24,JPY,USD,0.006821
2025-01-24,CAD,USD,0.718494
2025-01-24,AUD,USD,0.669847
2025-01-25,USD,USD,0.990928
2025-01-25,GBP,USD,1.296731
2025-01-25,JPY,USD,0.006852
2025-01-25,CAD,USD,0.759450
2025-01-25,AUD,USD,0.646363
2025-01-26,USD,USD,0.984725
2025-01-26,EUR,USD,1.061217
2025-01-26,GBP,USD,1.280223
2025-01-26,JPY,USD,0.006700
2025-01-26,CAD,USD,0.734203
2025-01-26,AUD,USD,0.678916
2025-01-27,USD,USD,1.022727
2025-01-27,EUR,USD,1.101525
2025-01-27,GBP,USD,1.263616
2025-01-27,JPY,USD,0.006886
2025-01-27,CAD,USD,0.728929
2025-01-27,AUD,USD,0.646917
2025-01-28,USD,USD,0.970238
2025-01-28,EUR,USD,1.076425
2025-01-28,GBP,USD,1.261231
2025-01-28,JPY,USD,0.006821
2025-01-28,CAD,USD,0.729308
2025-01-28,AUD,USD,0.642205
2025-01-29,USD,USD,1.025580
2025-01-29,EUR,USD,1.050935
2025-01-29,GBP,USD,1.240157
2025-01-29,JPY,USD,0.006603
2025-01-29,CAD,USD,0.725673
2025-01-29,AUD,USD,0.665271
2025-01-30,EUR,USD,1.086958
2025-01-30,GBP,USD,1.238445
2025-01-30,JPY,USD,0.006607
2025-01-30,CAD,USD,0.737103
2025-01-30,AUD,USD,0.645763
2025-01-31,USD,USD,1.018007
2025-01-31,EUR,USD,1.092742
2025-01-31,GBP,USD,1.265370
2025-01-31,JPY,USD,0.006791
2025-01-31,CAD,USD,0.749053
2025-01-31,AUD,USD,0.663669
2025-02-01,USD,USD,1.021767
2025-02-01,EUR,USD,1.065947
2025-02-01,GBP,USD,1.252500
2025-02-01,JPY,USD,0.006502
2025-02-01,CAD,USD,0.760490
2025-02-01,AUD,USD,0.663059
2025-02-02,USD,USD,1.021283
2025-02-02,EUR,USD,1.106294
2025-02-02,GBP,USD,1.234226
2025-02-02,JPY,USD,0.006560
2025-02-02,CAD,USD,0.731241
2025-02-02,AUD,USD,0.660127
2025-02-03,USD,USD,0.991839
2025-02-03,EUR,USD,1.082752
2025-02-03,GBP,USD,1.277609
2025-02-03,JPY,USD,0.006856
2025-02-03,CAD,USD,0.722319
2025-02-03,AUD,USD,0.667676
2025-02-04,USD,USD,1.028000
2025-02-04,EUR,USD,1.054966
2025-02-04,GBP,USD,1.239396
2025-02-04,JPY,USD,0.006554
2025-02-04,CAD,USD,0.756775
2025-02-04,AUD,USD,0.649539
2025-02-05,EUR,USD,1.055725
2025-02-05,GBP,USD,1.302091
2025-02-05,JPY,USD,0.006691
2025-02-05,AUD,USD,0.645722
2025-02-06,USD,USD,1.015454
2025-02-06,EUR,USD,1.075069
2025-02-06,JPY,USD,0.006810
2025-02-06,CAD,USD,0.746740
2025-02-06,AUD,USD,0.663566
2025-02-07,USD,USD,1.024596
2025-02-07,EUR,USD,1.078041
2025-02-07,GBP,USD,1.298690
2025-02-07,CAD,USD,0.746673
2025-02-08,USD,USD,1.019954
2025-02-08,EUR,USD,1.071600
2025-02-08,GBP,USD,1.293955
2025-02-08,JPY,USD,0.006697
2025-02-08,CAD,USD,0.738311
2025-02-08,AUD,USD,0.647441
2025-02-09,USD,USD,0.996212
2025-02-09,EUR,USD,1.086001
2025-02-09,GBP,USD,1.307954
2025-02-09,JPY,USD,0.006802
2025-02-09,CAD,USD,0.731966
2025-02-09,AUD,USD,0.644295
2025-02-10,USD,USD,1.000677
2025-02-10,EUR,USD,1.060022
2025-02-10,GBP,USD,1.295466
2025-02-10,JPY,USD,0.006508
2025-02-10,CAD,USD,0.719564
2025-02-10,AUD,USD,0.654150
2025-02-11,USD,USD,0.983859
2025-02-11,EUR,USD,1.085107
2025-02-11,GBP,USD,1.264390
2025-02-11,JPY,USD,0.006532
2025-02-11,CAD,USD,0.749196
2025-02-11,AUD,USD,0.672478
2025-02-12,USD,USD,0.000000
2025-02-12,EUR,USD,1.083797
2025-02-12,GBP,USD,1.275055
2025-02-12,JPY,USD,0.006818
2025-02-12,CAD,USD,0.738049
2025-02-12,AUD,USD,0.656618
2025-02-13,USD,USD,1.026062
2025-02-13,EUR,USD,1.070825
2025-02-13,GBP,USD,1.273996
2025-02-13,JPY,USD,0.006568
2025-02-13,CAD,USD,0.732747
2025-02-14,USD,USD,0.989644
2025-02-14,EUR,USD,1.085303
2025-02-14,GBP,USD,1.240262
2025-02-14,JPY,USD,0.006539
2025-02-14,CAD,USD,0.733013
2025-02-14,AUD,USD,0.672145
2025-02-15,USD,USD,0.991329
2025-02-15,GBP,USD,1.236844
2025-02-15,JPY,USD,0.006863
2025-02-15,CAD,USD,0.736440
2025-02-15,AUD,USD,0.671359
2025-02-16,USD,USD,0.972372
2025-02-16,EUR,USD,1.101129
2025-02-16,GBP,USD,1.273428
2025-02-16,JPY,USD,0.006524
2025-02-16,CAD,USD,0.745421
2025-02-16,AUD,USD,0.654191
2025-02-17,USD,USD,1.014503
2025-02-17,EUR,USD,1.056609
2025-02-17,GBP,USD,1.244186
2025-02-17,JPY,USD,0.006669
2025-02-17,CAD,USD,0.754063
2025-02-17,AUD,USD,0.673514
2025-02-18,EUR,USD,1.082271
2025-02-18,GBP,USD,1.236002
2025-02-18,JPY,USD,0.006813
2025-02-18,AUD,USD,0.672436
2025-02-19,USD,USD,0.971123
2025-02-19,EUR,USD,1.109279
2025-02-19,GBP,USD,1.301828
2025-02-19,JPY,USD,0.006621
2025-02-19,AUD,USD,0.660705
2025-02-20,USD,USD,1.008064
2025-02-20,EUR,USD,1.098957
2025-02-20,GBP,USD,1.253354
2025-02-20,CAD,USD,0.747314
2025-02-20,AUD,USD,0.665711
2025-02-21,USD,USD,1.013454
2025-02-21,EUR,USD,1.050412
2025-02-21,GBP,USD,1.293225
2025-02-21,JPY,USD,0.006525
2025-02-21,CAD,USD,0.723215
2025-02-21,AUD,USD,0.669710
2025-02-22,USD,USD,1.013245
2025-02-22,EUR,USD,1.091964
2025-02-22,GBP,USD,1.305059
2025-02-22,JPY,USD,0.006777
2025-02-22,CAD,USD,0.734573
2025-02-22,AUD,USD,0.671909
2025-02-23,USD,USD,1.026457
2025-02-23,EUR,USD,1.106323
2025-02-23,GBP,USD,1.268180
2025-02-23,JPY,USD,0.006525
2025-02-23,CAD,USD,0.721195
2025-02-23,AUD,USD,0.643527
2025-02-24,USD,USD,0.997388
2025-02-24,EUR,USD,1.065597
2025-02-24,GBP,USD,1.259427
2025-02-24,JPY,USD,0.006796
2025-02-24,CAD,USD,0.754609
2025-02-24,AUD,USD,0.673001
2025-02-25,USD,USD,1.003331
2025-02-25,EUR,USD,1.110746
2025-02-25,JPY,USD,0.006751
2025-02-25,CAD,USD,0.739310
2025-02-25,AUD,USD,0.647831
2025-02-26,USD,USD,1.002360
2025-02-26,GBP,USD,1.300520
2025-02-26,JPY,USD,0.006807
2025-02-26,CAD,USD,0.747738
2025-02-26,AUD,USD,0.656459
2025-02-27,EUR,USD,1.110917
2025-02-27,GBP,USD,1.237592
2025-02-27,JPY,USD,0.006763
2025-02-27,CAD,USD,0.733179
2025-02-27,AUD,USD,0.653528
2025-02-28,USD,USD,0.986945
2025-02-28,EUR,USD,1.096773
2025-02-28,GBP,USD,1.283528
2025-02-28,JPY,USD,0.006701
2025-02-28,CAD,USD,0.743899
2025-02-28,AUD,USD,0.675741
2025-03-01,USD,USD,0.976351
2025-03-01,EUR,USD,1.077118
2025-03-01,JPY,USD,0.006803
2025-03-01,CAD,USD,0.720821
2025-03-01,AUD,USD,0.656140
2025-03-02,USD,USD,0.999507
2025-03-02,EUR,USD,1.065711
2025-03-02,GBP,USD,1.284787
2025-03-02,JPY,USD,0.006693
2025-03-02,CAD,USD,0.729940
2025-03-02,AUD,USD,0.651777
2025-03-03,USD,USD,0.973558
2025-03-03,EUR,USD,0.000000
2025-03-03,GBP,USD,1.240851
2025-03-03,JPY,USD,0.006592
2025-03-03,CAD,USD,0.719887
2025-03-04,USD,USD,0.984656
2025-03-04,EUR,USD,1.075020
2025-03-04,GBP,USD,1.298565
2025-03-04,JPY,USD,0.006825
2025-03-04,CAD,USD,0.746175
2025-03-04,AUD,USD,0.649212
2025-03-05,USD,USD,0.996539
2025-03-05,EUR,USD,1.108091
2025-03-05,GBP,USD,1.296021
2025-03-05,JPY,USD,0.006613
2025-03-05,CAD,USD,0.759309
2025-03-05,AUD,USD,0.657070
2025-03-06,USD,USD,0.984848
2025-03-06,EUR,USD,1.092269
2025-03-06,GBP,USD,1.291880
2025-03-06,JPY,USD,0.006531
2025-03-06,CAD,USD,0.728710
2025-03-06,AUD,USD,0.650924
2025-03-07,USD,USD,1.023298
2025-03-07,EUR,USD,1.049436
2025-03-07,GBP,USD,1.284389
2025-03-07,JPY,USD,0.006536
2025-03-07,CAD,USD,0.723282
2025-03-07,AUD,USD,0.665425
2025-03-08,USD,USD,1.024059
2025-03-08,EUR,USD,1.048350
2025-03-08,GBP,USD,1.281401
2025-03-08,JPY,USD,0.006644
2025-03-08,CAD,USD,0.747765
2025-03-08,AUD,USD,0.656984
2025-03-09,USD,USD,1.026774
2025-03-09,EUR,USD,1.060571
2025-03-09,GBP,USD,1.290952
2025-03-09,JPY,USD,0.006543
2025-03-09,CAD,USD,0.745380
2025-03-09,AUD,USD,0.669289
2025-03-10,USD,USD,1.002036
2025-03-10,EUR,USD,1.061186
2025-03-10,GBP,USD,1.256035
2025-03-10,JPY,USD,0.006550
2025-03-10,CAD,USD,0.741503
2025-03-10,AUD,USD,0.672554
2025-03-11,USD,USD,0.980978
2025-03-11,EUR,USD,1.083574
2025-03-11,GBP,USD,1.270852
2025-03-11,JPY,USD,0.006795
2025-03-11,CAD,USD,0.725410
2025-03-11,AUD,USD,0.676872
2025-03-12,USD,USD,0.999824
2025-03-12,EUR,USD,1.092061
2025-03-12,GBP,USD,1.293492
2025-03-12,JPY,USD,0.006830
2025-03-12,CAD,USD,0.730254
2025-03-12,AUD,USD,0.659304
2025-03-13,USD,USD,1.003930
2025-03-13,EUR,USD,1.049798
2025-03-13,JPY,USD,0.006727
2025-03-13,CAD,USD,0.735124
2025-03-13,AUD,USD,0.669572
2025-03-14,USD,USD,1.018140
2025-03-14,EUR,USD,1.098478
2025-03-14,GBP,USD,1.300725
2025-03-14,JPY,USD,0.006652
2025-03-14,CAD,USD,0.718783
2025-03-14,AUD,USD,0.646424
2025-03-15,USD,USD,0.991254
2025-03-15,EUR,USD,1.053599
2025-03-15,GBP,USD,1.307463
2025-03-15,JPY,USD,0.006556
2025-03-15,CAD,USD,0.719180
2025-03-15,AUD,USD,0.645589
2025-03-16,USD,USD,0.976249
2025-03-16,EUR,USD,1.092029
2025-03-16,GBP,USD,1.260226
2025-03-16,JPY,USD,0.006773
2025-03-16,CAD,USD,0.728746
2025-03-16,AUD,USD,0.661234
2025-03-17,USD,USD,0.997596
2025-03-17,EUR,USD,1.107517
2025-03-17,GBP,USD,1.269952
2025-03-17,JPY,USD,0.006791
2025-03-17,CAD,USD,0.744640
2025-03-17,AUD,USD,0.664878
2025-03-18,USD,USD,1.022551
2025-03-18,EUR,USD,1.094622
2025-03-18,GBP,USD,1.283796
2025-03-18,JPY,USD,0.006676
2025-03-18,CAD,USD,0.755540
2025-03-18,AUD,USD,0.641137
2025-03-19,USD,USD,0.993648
2025-03-19,EUR,USD,1.072708
2025-03-19,JPY,USD,0.006767
2025-03-19,CAD,USD,0.758782
2025-03-19,AUD,USD,0.643398
2025-03-20,USD,USD,0.000000
2025-03-20,EUR,USD,1.048024
2025-03-20,GBP,USD,1.241902
2025-03-20,JPY,USD,0.006691
2025-03-20,CAD,USD,0.732830
2025-03-20,AUD,USD,0.677110
2025-03-21,USD,USD,0.996541
2025-03-21,EUR,USD,1.078802
2025-03-21,GBP,USD,1.247917
2025-03-21,JPY,USD,0.006801
2025-03-21,CAD,USD,0.738082
2025-03-21,AUD,USD,0.657642
2025-03-22,USD,USD,1.016184
2025-03-22,EUR,USD,0.000000
2025-03-22,GBP,USD,1.260807
2025-03-22,JPY,USD,0.006526
2025-03-22,CAD,USD,0.728961
2025-03-22,AUD,USD,0.678074
2025-03-23,USD,USD,1.028275
2025-03-23,EUR,USD,1.104273
2025-03-23,GBP,USD,1.268202
2025-03-23,JPY,USD,0.006572
2025-03-23,CAD,USD,0.720708
2025-03-23,AUD,USD,0.672272
2025-03-24,USD,USD,1.007362
2025-03-24,EUR,USD,1.102679
2025-03-24,GBP,USD,1.241820
2025-03-24,JPY,USD,0.006879
2025-03-24,CAD,USD,0.740763
2025-03-24,AUD,USD,0.646532
2025-03-25,USD,USD,1.029861
2025-03-25,EUR,USD,1.092748
2025-03-25,JPY,USD,0.006523
2025-03-25,CAD,USD,0.746891
2025-03-25,AUD,USD,0.677573
2025-03-26,USD,USD,1.015155
2025-03-26,EUR,USD,1.086234
2025-03-26,JPY,USD,0.006593
2025-03-26,CAD,USD,0.745358
2025-03-26,AUD,USD,0.668775
2025-03-27,USD,USD,0.991647
2025-03-27,GBP,USD,1.303219
2025-03-27,CAD,USD,0.744662
2025-03-27,AUD,USD,0.640667
2025-03-28,USD,USD,0.977306
2025-03-28,EUR,USD,1.076352
2025-03-28,GBP,USD,1.281401
2025-03-28,JPY,USD,0.006629
2025-03-28,CAD,USD,0.761796
2025-03-28,AUD,USD,0.644040
2025-03-29,USD,USD,1.019731
2025-03-29,EUR,USD,1.072926
2025-03-29,GBP,USD,1.241649
2025-03-29,JPY,USD,0.006635
2025-03-29,CAD,USD,0.751862
2025-03-29,AUD,USD,0.678519
2025-03-30,USD,USD,1.015926
2025-03-30,EUR,USD,1.109447
2025-03-30,GBP,USD,1.239981
2025-03-30,JPY,USD,0.006577
2025-03-30,CAD,USD,0.755909
2025-03-30,AUD,USD,0.671251
2025-03-31,USD,USD,1.023199
2025-03-31,EUR,USD,1.076217
2025-03-31,GBP,USD,1.298728
2025-03-31,JPY,USD,0.006834
2025-03-31,CAD,USD,0.759843
2025-03-31,AUD,USD,0.664776
2025-04-01,USD,USD,0.993717
2025-04-01,EUR,USD,1.089144
2025-04-01,GBP,USD,1.238884
2025-04-01,JPY,USD,0.006732
2025-04-01,CAD,USD,0.727418
2025-04-01,AUD,USD,0.646540
2025-04-02,USD,USD,0.976571
2025-04-02,EUR,USD,1.091016
2025-04-02,GBP,USD,1.300012
2025-04-02,CAD,USD,0.737354
2025-04-02,AUD,USD,0.663532
2025-04-03,USD,USD,1.000538
2025-04-03,EUR,USD,1.085178
2025-04-03,GBP,USD,1.300691
2025-04-03,JPY,USD,0.006889
2025-04-03,CAD,USD,0.747469
2025-04-03,AUD,USD,0.677932
2025-04-04,USD,USD,0.977069
2025-04-04,EUR,USD,1.111767
2025-04-04,JPY,USD,0.006813
2025-04-04,CAD,USD,0.743379
2025-04-04,AUD,USD,0.649471
2025-04-05,USD,USD,0.000000
2025-04-05,EUR,USD,0.000000
2025-04-05,GBP,USD,1.298371
2025-04-05,JPY,USD,0.006585
2025-04-05,AUD,USD,0.675914
2025-04-06,USD,USD,1.028532
2025-04-06,EUR,USD,1.089994
2025-04-06,GBP,USD,1.264947
2025-04-06,JPY,USD,0.006857
2025-04-06,CAD,USD,0.756239
2025-04-06,AUD,USD,0.641293
2025-04-07,USD,USD,0.972639
2025-04-07,EUR,USD,1.054035
2025-04-07,JPY,USD,0.006519
2025-04-07,CAD,USD,0.750193
2025-04-07,AUD,USD,0.675513
2025-04-08,USD,USD,0.996261
2025-04-08,EUR,USD,1.102524
2025-04-08,GBP,USD,1.285433
2025-04-08,JPY,USD,0.006863
2025-04-08,CAD,USD,0.753320
2025-04-08,AUD,USD,0.650297
2025-04-09,USD,USD,0.995745
2025-04-09,EUR,USD,1.082541
2025-04-09,GBP,USD,1.244880
2025-04-09,JPY,USD,0.006751
2025-04-09,CAD,USD,0.744634
2025-04-09,AUD,USD,0.648407
2025-04-10,USD,USD,0.974929
2025-04-10,EUR,USD,1.061778
2025-04-10,GBP,USD,1.271840
2025-04-10,JPY,USD,0.006548
2025-04-10,CAD,USD,0.738270
2025-04-10,AUD,USD,0.000000
2025-04-11,USD,USD,1.013102
2025-04-11,EUR,USD,1.098181
2025-04-11,GBP,USD,1.268703
2025-04-11,JPY,USD,0.006606
2025-04-11,CAD,USD,0.748690
2025-04-11,AUD,USD,0.656741
2025-04-12,USD,USD,0.975071
2025-04-12,EUR,USD,1.095460
2025-04-12,GBP,USD,1.269356
2025-04-12,JPY,USD,0.006680
2025-04-12,CAD,USD,0.754049
2025-04-12,AUD,USD,0.674309
2025-04-13,USD,USD,1.003728
2025-04-13,EUR,USD,1.095383
2025-04-13,GBP,USD,1.276562
2025-04-13,JPY,USD,0.006871
2025-04-13,CAD,USD,0.730566
2025-04-13,AUD,USD,0.661157
2025-04-14,USD,USD,1.029764
2025-04-14,EUR,USD,1.065477
2025-04-14,GBP,USD,1.284245
2025-04-14,JPY,USD,0.006665
2025-04-14,CAD,USD,0.741608
2025-04-14,AUD,USD,0.661037
2025-04-15,USD,USD,0.973702
2025-04-15,EUR,USD,1.074485
2025-04-15,GBP,USD,1.234752
2025-04-15,JPY,USD,0.006602
2025-04-15,CAD,USD,0.748716
2025-04-15,AUD,USD,0.649667
2025-04-16,USD,USD,0.976510
2025-04-16,GBP,USD,1.258848
2025-04-16,JPY,USD,0.006709
2025-04-16,CAD,USD,0.730656
2025-04-16,AUD,USD,0.653807
2025-04-17,USD,USD,0.997448
2025-04-17,EUR,USD,1.109400
2025-04-17,GBP,USD,1.266424
2025-04-17,JPY,USD,0.006760
2025-04-17,CAD,USD,0.746959
2025-04-17,AUD,USD,0.678028
2025-04-18,USD,USD,1.022606
2025-04-18,EUR,USD,1.102095
2025-04-18,GBP,USD,1.286047
2025-04-18,JPY,USD,0.006600
2025-04-18,CAD,USD,0.724054
2025-04-18,AUD,USD,0.642018
2025-04-19,USD,USD,1.004989
2025-04-19,EUR,USD,1.095226
2025-04-19,GBP,USD,1.303091
2025-04-19,JPY,USD,0.006782
2025-04-19,CAD,USD,0.753396
2025-04-19,AUD,USD,0.645641
2025-04-20,USD,USD,0.977015
2025-04-20,EUR,USD,1.075730
2025-04-20,CAD,USD,0.746881
2025-04-20,AUD,USD,0.672402
2025-04-21,USD,USD,1.017198
2025-04-21,EUR,USD,1.095630
2025-04-21,GBP,USD,1.246216
2025-04-21,JPY,USD,0.006540
2025-04-21,CAD,USD,0.753393
2025-04-21,AUD,USD,0.665303
2025-04-22,USD,USD,0.992961
2025-04-22,EUR,USD,1.094459
2025-04-22,GBP,USD,1.234617
2025-04-22,JPY,USD,0.006586
2025-04-22,CAD,USD,0.761552
2025-04-22,AUD,USD,0.651603
2025-04-23,USD,USD,0.989382
2025-04-23,EUR,USD,1.065518
2025-04-23,GBP,USD,1.255818
2025-04-23,JPY,USD,0.006711
2025-04-23,CAD,USD,0.757492
2025-04-23,AUD,USD,0.661157
2025-04-24,USD,USD,0.000000
2025-04-24,EUR,USD,1.109469
2025-04-24,GBP,USD,1.250702
2025-04-24,JPY,USD,0.006734
2025-04-25,USD,USD,1.025672
2025-04-25,EUR,USD,1.087759
2025-04-25,GBP,USD,1.274363
2025-04-25,JPY,USD,0.006776
2025-04-25,CAD,USD,0.756421
2025-04-25,AUD,USD,0.659585
2025-04-26,USD,USD,0.993870
2025-04-26,EUR,USD,1.078433
2025-04-26,GBP,USD,1.274375
2025-04-26,JPY,USD,0.006538
2025-04-26,CAD,USD,0.722495
2025-04-26,AUD,USD,0.648799
2025-04-27,USD,USD,0.977652
2025-04-27,EUR,USD,1.050905
2025-04-27,GBP,USD,1.236386
2025-04-27,JPY,USD,0.006601
2025-04-27,CAD,USD,0.743081
2025-04-27,AUD,USD,0.674045
2025-04-28,USD,USD,1.023119
2025-04-28,EUR,USD,1.100241
2025-04-28,GBP,USD,1.299304
2025-04-28,JPY,USD,0.006741
2025-04-28,CAD,USD,0.737777
2025-04-28,AUD,USD,0.646062
2025-04-29,USD,USD,1.004042
2025-04-29,EUR,USD,1.090884
2025-04-29,GBP,USD,1.245674
2025-04-29,JPY,USD,0.006877
2025-04-29,CAD,USD,0.754796
2025-04-29,AUD,USD,0.668777
2025-04-30,USD,USD,0.970231
2025-04-30,EUR,USD,1.073123
2025-04-30,GBP,USD,1.254006
2025-04-30,JPY,USD,0.006812
2025-04-30,CAD,USD,0.721925
2025-04-30,AUD,USD,0.679031
2025-05-01,USD,USD,0.997803
2025-05-01,EUR,USD,1.109655
2025-05-01,GBP,USD,1.256218
2025-05-01,JPY,USD,0.006751
2025-05-01,CAD,USD,0.758725
2025-05-01,AUD,USD,0.642433
2025-05-02,USD,USD,0.000000
2025-05-02,EUR,USD,1.085703
2025-05-02,GBP,USD,1.248032
2025-05-02,JPY,USD,0.006793
2025-05-02,CAD,USD,0.759173
2025-05-02,AUD,USD,0.654839
2025-05-03,USD,USD,1.003164
2025-05-03,EUR,USD,1.049402
2025-05-03,GBP,USD,1.280494
2025-05-03,JPY,USD,0.006829
2025-05-03,CAD,USD,0.751576
2025-05-03,AUD,USD,0.651488
2025-05-04,USD,USD,0.987801
2025-05-04,EUR,USD,1.055446
2025-05-04,GBP,USD,1.306032
2025-05-04,JPY,USD,0.006706
2025-05-04,CAD,USD,0.761862
2025-05-04,AUD,USD,0.654415
2025-05-05,USD,USD,1.004795
2025-05-05,EUR,USD,1.050307
2025-05-05,GBP,USD,1.301880
2025-05-05,JPY,USD,0.006798
2025-05-05,CAD,USD,0.735345
2025-05-06,USD,USD,0.979585
2025-05-06,EUR,USD,1.053599
2025-05-06,GBP,USD,1.301837
2025-05-06,JPY,USD,0.006579
2025-05-06,AUD,USD,0.642975
2025-05-07,USD,USD,0.982840
2025-05-07,EUR,USD,1.050596
2025-05-07,GBP,USD,1.243730
2025-05-07,JPY,USD,0.006505
2025-05-07,CAD,USD,0.751420
2025-05-07,AUD,USD,0.647732
2025-05-08,USD,USD,0.992157
2025-05-08,EUR,USD,1.090825
2025-05-08,GBP,USD,1.300310
2025-05-08,JPY,USD,0.006823
2025-05-08,CAD,USD,0.753764
2025-05-08,AUD,USD,0.661812
2025-05-09,USD,USD,1.029923
2025-05-09,EUR,USD,1.077272
2025-05-09,GBP,USD,1.306347
2025-05-09,JPY,USD,0.006659
2025-05-09,CAD,USD,0.731502
2025-05-10,USD,USD,1.028065
2025-05-10,EUR,USD,1.074069
2025-05-10,GBP,USD,1.259026
2025-05-10,JPY,USD,0.006634
2025-05-10,CAD,USD,0.736767
2025-05-10,AUD,USD,0.655129
2025-05-11,USD,USD,0.982643
2025-05-11,EUR,USD,1.076626
2025-05-11,GBP,USD,1.280059
2025-05-11,JPY,USD,0.006665
2025-05-11,CAD,USD,0.749395
2025-05-11,AUD,USD,0.667208
2025-05-12,USD,USD,1.010318
2025-05-12,EUR,USD,1.104315
2025-05-12,GBP,USD,1.239928
2025-05-12,JPY,USD,0.006619
2025-05-12,CAD,USD,0.742080
2025-05-12,AUD,USD,0.655876
2025-05-13,USD,USD,1.015465
2025-05-13,EUR,USD,1.109531
2025-05-13,GBP,USD,1.244809
2025-05-13,JPY,USD,0.006895
2025-05-13,CAD,USD,0.748000
2025-05-13,AUD,USD,0.676199
2025-05-14,USD,USD,0.995635
2025-05-14,EUR,USD,1.053217
2025-05-14,GBP,USD,1.296677
2025-05-14,JPY,USD,0.006763
2025-05-14,CAD,USD,0.741974
2025-05-14,AUD,USD,0.647748
2025-05-15,USD,USD,1.018270
2025-05-15,EUR,USD,1.060786
2025-05-15,GBP,USD,1.291721
2025-05-15,JPY,USD,0.006823
2025-05-15,CAD,USD,0.724804
2025-05-15,AUD,USD,0.655468
2025-05-16,EUR,USD,1.057533
2025-05-16,GBP,USD,1.248378
2025-05-16,JPY,USD,0.006831
2025-05-16,CAD,USD,0.000000
2025-05-16,AUD,USD,0.662111
2025-05-17,USD,USD,0.981015
2025-05-17,EUR,USD,1.075234
2025-05-17,GBP,USD,0.000000
2025-05-17,JPY,USD,0.006840
2025-05-17,CAD,USD,0.738069
2025-05-17,AUD,USD,0.000000
2025-05-18,USD,USD,0.970342
2025-05-18,EUR,USD,1.112250
2025-05-18,GBP,USD,1.260568
2025-05-18,JPY,USD,0.006584
2025-05-18,CAD,USD,0.755537
2025-05-18,AUD,USD,0.648861
2025-05-19,USD,USD,0.998858
2025-05-19,EUR,USD,1.066047
2025-05-19,GBP,USD,1.240683
2025-05-19,JPY,USD,0.006860
2025-05-19,CAD,USD,0.723722
2025-05-19,AUD,USD,0.676082
2025-05-20,USD,USD,1.007395
2025-05-20,EUR,USD,1.081275
2025-05-20,GBP,USD,1.287304
2025-05-20,JPY,USD,0.006757
2025-05-20,CAD,USD,0.000000
2025-05-20,AUD,USD,0.655036
2025-05-21,USD,USD,0.980677
2025-05-21,EUR,USD,1.056596
2025-05-21,GBP,USD,1.286109
2025-05-21,CAD,USD,0.725083
2025-05-21,AUD,USD,0.658706
2025-05-22,USD,USD,1.001748
2025-05-22,EUR,USD,1.105307
2025-05-22,GBP,USD,1.288997
2025-05-22,JPY,USD,0.006544
2025-05-22,CAD,USD,0.738592
2025-05-22,AUD,USD,0.000000
2025-05-23,USD,USD,0.989192
2025-05-23,EUR,USD,1.104279
2025-05-23,JPY,USD,0.006568
2025-05-23,CAD,USD,0.739260
2025-05-23,AUD,USD,0.648465
2025-05-24,USD,USD,1.010423
2025-05-24,EUR,USD,1.087020
2025-05-24,JPY,USD,0.006629
2025-05-24,CAD,USD,0.740080
2025-05-24,AUD,USD,0.676992
2025-05-25,USD,USD,0.999794
2025-05-25,EUR,USD,1.079491
2025-05-25,GBP,USD,1.287227
2025-05-25,JPY,USD,0.006657
2025-05-25,CAD,USD,0.732885
2025-05-26,USD,USD,0.999853
2025-05-26,EUR,USD,1.089152
2025-05-26,GBP,USD,1.287151
2025-05-26,JPY,USD,0.006546
2025-05-26,CAD,USD,0.723591
2025-05-26,AUD,USD,0.646443
2025-05-27,USD,USD,0.995631
2025-05-27,EUR,USD,1.049611
2025-05-27,GBP,USD,1.259627
2025-05-27,JPY,USD,0.006626
2025-05-27,CAD,USD,0.749469
2025-05-27,AUD,USD,0.671958
2025-05-28,USD,USD,1.010098
2025-05-28,EUR,USD,1.100217
2025-05-28,GBP,USD,1.270778
2025-05-28,JPY,USD,0.006763
2025-05-28,CAD,USD,0.753017
2025-05-29,USD,USD,1.008083
2025-05-29,EUR,USD,1.063570
2025-05-29,GBP,USD,1.275909
2025-05-29,JPY,USD,0.006802
2025-05-29,CAD,USD,0.732686
2025-05-29,AUD,USD,0.656124
2025-05-30,USD,USD,1.005068
2025-05-30,GBP,USD,1.268776
2025-05-30,JPY,USD,0.006680
2025-05-30,CAD,USD,0.757738
2025-05-30,AUD,USD,0.671822
2025-05-31,EUR,USD,1.093217
2025-05-31,GBP,USD,1.266351
2025-05-31,JPY,USD,0.006763
2025-05-31,CAD,USD,0.724405
2025-05-31,AUD,USD,0.663487
2025-06-01,USD,USD,1.001448
2025-06-01,EUR,USD,1.070977
2025-06-01,GBP,USD,1.266844
2025-06-01,JPY,USD,0.006881
2025-06-01,CAD,USD,0.748906
2025-06-01,AUD,USD,0.646671
2025-06-02,USD,USD,1.018935
2025-06-02,EUR,USD,1.090755
2025-06-02,GBP,USD,1.272172
2025-06-02,JPY,USD,0.006614
2025-06-02,CAD,USD,0.743798
2025-06-02,AUD,USD,0.655759
2025-06-03,USD,USD,0.984385
2025-06-03,EUR,USD,1.074577
2025-06-03,GBP,USD,1.305907
2025-06-03,JPY,USD,0.006893
2025-06-03,AUD,USD,0.655661
2025-06-04,USD,USD,0.994661
2025-06-04,EUR,USD,1.051430
2025-06-04,GBP,USD,1.238900
2025-06-04,JPY,USD,0.006854
2025-06-04,CAD,USD,0.756591
2025-06-04,AUD,USD,0.674602
2025-06-05,USD,USD,0.983029
2025-06-05,EUR,USD,1.065481
2025-06-05,GBP,USD,1.240830
2025-06-05,JPY,USD,0.006622
2025-06-05,CAD,USD,0.724340
2025-06-05,AUD,USD,0.650699
2025-06-06,USD,USD,1.004058
2025-06-06,EUR,USD,1.097192
2025-06-06,GBP,USD,1.286657
2025-06-06,JPY,USD,0.006620
2025-06-06,CAD,USD,0.734099
2025-06-06,AUD,USD,0.678957
2025-06-07,USD,USD,1.008501
2025-06-07,EUR,USD,1.072703
2025-06-07,GBP,USD,1.270084
2025-06-07,JPY,USD,0.006792
2025-06-07,CAD,USD,0.745407
2025-06-07,AUD,USD,0.670481
2025-06-08,EUR,USD,1.077714
2025-06-08,GBP,USD,1.306696
2025-06-08,JPY,USD,0.006588
2025-06-08,CAD,USD,0.725678
2025-06-08,AUD,USD,0.653648
2025-06-09,USD,USD,0.980291
2025-06-09,EUR,USD,1.052539
2025-06-09,GBP,USD,1.251026
2025-06-09,JPY,USD,0.006595
2025-06-09,CAD,USD,0.754470
2025-06-10,USD,USD,1.019078
2025-06-10,EUR,USD,1.074541
2025-06-10,GBP,USD,1.276884
2025-06-10,JPY,USD,0.006824
2025-06-10,CAD,USD,0.751098
2025-06-10,AUD,USD,0.675086
2025-06-11,USD,USD,0.973832
2025-06-11,GBP,USD,1.257668
2025-06-11,JPY,USD,0.006606
2025-06-11,CAD,USD,0.722345
2025-06-11,AUD,USD,0.645696
2025-06-12,USD,USD,0.972646
2025-06-12,EUR,USD,1.059734
2025-06-12,GBP,USD,1.302641
2025-06-12,JPY,USD,0.006899
2025-06-12,CAD,USD,0.746166
2025-06-12,AUD,USD,0.662146
2025-06-13,USD,USD,1.012121
2025-06-13,EUR,USD,1.049977
2025-06-13,GBP,USD,1.260911
2025-06-13,JPY,USD,0.006887
2025-06-13,CAD,USD,0.719239
2025-06-13,AUD,USD,0.643557
2025-06-14,USD,USD,0.993535
2025-06-14,EUR,USD,1.079244
2025-06-14,GBP,USD,1.301803
2025-06-14,JPY,USD,0.006732
2025-06-14,CAD,USD,0.755232
2025-06-14,AUD,USD,0.663945
2025-06-15,USD,USD,0.998232
2025-06-15,EUR,USD,1.105769
2025-06-15,GBP,USD,1.244887
2025-06-15,JPY,USD,0.006700
2025-06-15,CAD,USD,0.744476
2025-06-15,AUD,USD,0.655642
2025-06-16,USD,USD,1.013193
2025-06-16,EUR,USD,1.061753
2025-06-16,JPY,USD,0.006612
2025-06-16,CAD,USD,0.761101
2025-06-16,AUD,USD,0.669586
2025-06-17,USD,USD,1.016050
2025-06-17,EUR,USD,0.000000
2025-06-17,GBP,USD,1.278946
2025-06-17,JPY,USD,0.000000
2025-06-17,CAD,USD,0.739386
2025-06-17,AUD,USD,0.643648
2025-06-18,USD,USD,0.993365
2025-06-18,EUR,USD,1.101932
2025-06-18,GBP,USD,1.233678
2025-06-18,JPY,USD,0.006638
2025-06-18,CAD,USD,0.761430
2025-06-18,AUD,USD,0.656249
2025-06-19,USD,USD,0.986585
2025-06-19,EUR,USD,1.097093
2025-06-19,GBP,USD,1.294609
2025-06-19,JPY,USD,0.006773
2025-06-19,CAD,USD,0.738168
2025-06-19,AUD,USD,0.650179
2025-06-20,USD,USD,0.991157
2025-06-20,EUR,USD,1.052528
2025-06-20,GBP,USD,1.294214
2025-06-20,JPY,USD,0.006683
2025-06-20,CAD,USD,0.721454
2025-06-20,AUD,USD,0.646928
2025-06-21,USD,USD,1.015091
2025-06-21,EUR,USD,1.084057
2025-06-21,GBP,USD,1.256875
2025-06-21,JPY,USD,0.006659
2025-06-21,CAD,USD,0.759989
2025-06-21,AUD,USD,0.642585
2025-06-22,USD,USD,0.986152
2025-06-22,EUR,USD,1.064592
2025-06-22,GBP,USD,1.238160
2025-06-22,JPY,USD,0.006726
2025-06-22,CAD,USD,0.727629
2025-06-22,AUD,USD,0.668204
2025-06-23,USD,USD,1.022245
2025-06-23,EUR,USD,1.058034
2025-06-23,GBP,USD,1.241870
2025-06-23,JPY,USD,0.006608
2025-06-23,CAD,USD,0.735466
2025-06-23,AUD,USD,0.656342
2025-06-24,USD,USD,1.001535
2025-06-24,EUR,USD,1.059235
2025-06-24,GBP,USD,1.277866
2025-06-24,CAD,USD,0.722347
2025-06-24,AUD,USD,0.643567
2025-06-25,USD,USD,1.029543
2025-06-25,EUR,USD,1.099659
2025-06-25,GBP,USD,1.260376
2025-06-25,JPY,USD,0.006620
2025-06-25,CAD,USD,0.736887
2025-06-25,AUD,USD,0.665166
2025-06-26,USD,USD,0.998274
2025-06-26,EUR,USD,1.057861
2025-06-26,GBP,USD,1.250211
2025-06-26,JPY,USD,0.006790
2025-06-26,CAD,USD,0.752571
2025-06-26,AUD,USD,0.653746
2025-06-27,USD,USD,0.991425
2025-06-27,EUR,USD,1.051370
2025-06-27,GBP,USD,1.240345
2025-06-27,JPY,USD,0.006600
2025-06-27,CAD,USD,0.722730
2025-06-27,AUD,USD,0.664921
2025-06-28,EUR,USD,1.087664
2025-06-28,GBP,USD,1.250911
2025-06-28,JPY,USD,0.006582
2025-06-28,CAD,USD,0.731623
2025-06-29,USD,USD,0.000000
2025-06-29,EUR,USD,0.000000
2025-06-29,GBP,USD,1.265429
2025-06-29,JPY,USD,0.006901
2025-06-29,CAD,USD,0.753985
2025-06-29,AUD,USD,0.677129
2025-06-30,USD,USD,0.987139
2025-06-30,EUR,USD,1.064122
2025-06-30,GBP,USD,1.295548
2025-06-30,JPY,USD,0.006569
2025-06-30,CAD,USD,0.732327
2025-07-01,USD,USD,0.983733
2025-07-01,EUR,USD,1.080470
2025-07-01,GBP,USD,1.240408
2025-07-01,JPY,USD,0.006605
2025-07-01,CAD,USD,0.757494
2025-07-01,AUD,USD,0.668646
2025-07-02,USD,USD,1.006201
2025-07-02,EUR,USD,1.094595
2025-07-02,GBP,USD,1.285763
2025-07-02,JPY,USD,0.006827
2025-07-02,CAD,USD,0.731055
2025-07-02,AUD,USD,0.649635
2025-07-03,USD,USD,0.974353
2025-07-03,EUR,USD,1.057722
2025-07-03,GBP,USD,1.272005
2025-07-03,JPY,USD,0.006602
2025-07-03,CAD,USD,0.740094
2025-07-03,AUD,USD,0.667425
2025-07-04,USD,USD,1.011091
2025-07-04,EUR,USD,1.096110
2025-07-04,GBP,USD,1.264172
2025-07-04,CAD,USD,0.723491
2025-07-04,AUD,USD,0.671779
2025-07-05,USD,USD,0.999013
2025-07-05,EUR,USD,1.079695
2025-07-05,GBP,USD,1.235168
2025-07-05,JPY,USD,0.006588
2025-07-05,CAD,USD,0.743881
2025-07-05,AUD,USD,0.643677
2025-07-06,USD,USD,0.989417
2025-07-06,EUR,USD,1.089564
2025-07-06,GBP,USD,1.282698
2025-07-06,JPY,USD,0.006725
2025-07-06,CAD,USD,0.740094
2025-07-06,AUD,USD,0.667130
2025-07-07,USD,USD,1.001264
2025-07-07,EUR,USD,1.095728
2025-07-07,GBP,USD,1.295592
2025-07-07,JPY,USD,0.006668
2025-07-07,AUD,USD,0.649685
2025-07-08,USD,USD,0.985053
2025-07-08,EUR,USD,1.104793
2025-07-08,GBP,USD,1.240782
2025-07-08,JPY,USD,0.006735
2025-07-08,CAD,USD,0.723647
2025-07-08,AUD,USD,0.660426
2025-07-09,USD,USD,0.974043
2025-07-09,EUR,USD,1.089152
2025-07-09,GBP,USD,1.296340
2025-07-09,JPY,USD,0.006804
2025-07-09,CAD,USD,0.742373
2025-07-09,AUD,USD,0.672960
2025-07-10,USD,USD,1.014372
2025-07-10,EUR,USD,1.062145
2025-07-10,GBP,USD,1.235782
2025-07-10,JPY,USD,0.006851
2025-07-10,CAD,USD,0.733231
2025-07-10,AUD,USD,0.650117
2025-07-11,USD,USD,0.978049
2025-07-11,GBP,USD,1.269075
2025-07-11,JPY,USD,0.006743
2025-07-11,CAD,USD,0.736681
2025-07-11,AUD,USD,0.640872
2025-07-12,USD,USD,0.983573
2025-07-12,EUR,USD,1.057314
2025-07-12,GBP,USD,1.258440
2025-07-12,JPY,USD,0.006641
2025-07-12,CAD,USD,0.750275
2025-07-12,AUD,USD,0.652452
2025-07-13,USD,USD,1.022792
2025-07-13,EUR,USD,1.061667
2025-07-13,GBP,USD,1.233307
2025-07-13,JPY,USD,0.006710
2025-07-13,CAD,USD,0.748648
2025-07-13,AUD,USD,0.653065
2025-07-14,USD,USD,0.990492
2025-07-14,EUR,USD,0.000000
2025-07-14,GBP,USD,0.000000
2025-07-14,JPY,USD,0.006838
2025-07-14,CAD,USD,0.749762
2025-07-14,AUD,USD,0.656558
2025-07-15,USD,USD,0.990090
2025-07-15,EUR,USD,1.104275
2025-07-15,GBP,USD,1.302775
2025-07-15,JPY,USD,0.006694
2025-07-15,CAD,USD,0.727084
2025-07-15,AUD,USD,0.649250
2025-07-16,USD,USD,0.988223
2025-07-16,EUR,USD,1.063558
2025-07-16,GBP,USD,0.000000
2025-07-16,JPY,USD,0.006580
2025-07-16,CAD,USD,0.749640
2025-07-17,USD,USD,0.983495
2025-07-17,EUR,USD,1.092214
2025-07-17,GBP,USD,1.247206
2025-07-17,JPY,USD,0.006550
2025-07-17,CAD,USD,0.732453
2025-07-18,USD,USD,1.018374
2025-07-18,EUR,USD,1.071521
2025-07-18,GBP,USD,1.266653
2025-07-18,JPY,USD,0.006810
2025-07-18,CAD,USD,0.755732
2025-07-18,AUD,USD,0.643061
2025-07-19,USD,USD,1.005964
2025-07-19,EUR,USD,1.105885
2025-07-19,GBP,USD,1.237526
2025-07-19,JPY,USD,0.006677
2025-07-19,CAD,USD,0.728726
2025-07-19,AUD,USD,0.654141
2025-07-20,USD,USD,1.000489
2025-07-20,EUR,USD,1.093163
2025-07-20,GBP,USD,1.295884
2025-07-20,JPY,USD,0.006784
2025-07-20,CAD,USD,0.757288
2025-07-20,AUD,USD,0.662451
2025-07-21,USD,USD,0.981383
2025-07-21,EUR,USD,1.095575
2025-07-21,GBP,USD,1.293530
2025-07-21,JPY,USD,0.006789
2025-07-21,CAD,USD,0.755284
2025-07-21,AUD,USD,0.670967
2025-07-22,USD,USD,1.012422
2025-07-22,EUR,USD,1.071414
2025-07-22,GBP,USD,1.265702
2025-07-22,JPY,USD,0.006726
2025-07-22,CAD,USD,0.751722
2025-07-22,AUD,USD,0.000000
2025-07-23,USD,USD,0.977021
2025-07-23,GBP,USD,1.261074
2025-07-23,CAD,USD,0.741379
2025-07-24,USD,USD,0.978391
2025-07-24,EUR,USD,1.107632
2025-07-24,GBP,USD,1.273744
2025-07-24,JPY,USD,0.006804
2025-07-24,CAD,USD,0.755648
2025-07-25,USD,USD,1.008812
2025-07-25,EUR,USD,1.080213
2025-07-25,JPY,USD,0.006757
2025-07-25,CAD,USD,0.733229
2025-07-25,AUD,USD,0.672099
2025-07-26,USD,USD,1.005337
2025-07-26,EUR,USD,1.064489
2025-07-26,GBP,USD,1.250492
2025-07-26,JPY,USD,0.006501
2025-07-26,CAD,USD,0.729812
2025-07-26,AUD,USD,0.661294
2025-07-27,USD,USD,1.009665
2025-07-27,EUR,USD,1.080169
2025-07-27,GBP,USD,1.244155
2025-07-27,JPY,USD,0.006888
2025-07-27,CAD,USD,0.756970
2025-07-27,AUD,USD,0.659815
2025-07-28,USD,USD,0.971960
2025-07-28,EUR,USD,1.048516
2025-07-28,GBP,USD,1.241208
2025-07-28,CAD,USD,0.718936
2025-07-28,AUD,USD,0.678461
2025-07-29,USD,USD,1.001143
2025-07-29,EUR,USD,1.076179
2025-07-29,GBP,USD,1.255448
2025-07-29,JPY,USD,0.006661
2025-07-29,AUD,USD,0.664134
2025-07-30,USD,USD,1.001868
2025-07-30,EUR,USD,1.051986
2025-07-30,GBP,USD,1.304980
2025-07-30,JPY,USD,0.006764
2025-07-30,CAD,USD,0.749312
2025-07-30,AUD,USD,0.643629
2025-07-31,USD,USD,0.981779
2025-07-31,EUR,USD,1.096070
2025-07-31,GBP,USD,1.275899
2025-07-31,JPY,USD,0.006726
2025-07-31,CAD,USD,0.743979
2025-07-31,AUD,USD,0.670755
2025-08-01,USD,USD,0.996859
2025-08-01,GBP,USD,1.280116
2025-08-01,JPY,USD,0.006709
2025-08-01,CAD,USD,0.754986
2025-08-02,USD,USD,0.982747
2025-08-02,EUR,USD,1.083247
2025-08-02,GBP,USD,1.282887
2025-08-02,JPY,USD,0.006539
2025-08-02,CAD,USD,0.748462
2025-08-02,AUD,USD,0.664890
2025-08-03,USD,USD,0.970511
2025-08-03,EUR,USD,1.080635
2025-08-03,GBP,USD,1.258437
2025-08-03,JPY,USD,0.006630
2025-08-03,CAD,USD,0.722482
2025-08-03,AUD,USD,0.642437
2025-08-04,USD,USD,1.020533
2025-08-04,EUR,USD,1.111592
2025-08-04,GBP,USD,1.274472
2025-08-04,JPY,USD,0.006851
2025-08-04,CAD,USD,0.760873
2025-08-05,USD,USD,1.000209
2025-08-05,GBP,USD,1.263725
2025-08-05,JPY,USD,0.006693
2025-08-05,CAD,USD,0.729623
2025-08-05,AUD,USD,0.647129
2025-08-06,USD,USD,0.997920
2025-08-06,EUR,USD,1.084937
2025-08-06,GBP,USD,1.285089
2025-08-06,JPY,USD,0.006626
2025-08-06,CAD,USD,0.733582
2025-08-06,AUD,USD,0.651968
2025-08-07,USD,USD,1.001911
2025-08-07,EUR,USD,1.094275
2025-08-07,JPY,USD,0.006544
2025-08-07,CAD,USD,0.751628
2025-08-07,AUD,USD,0.669338
2025-08-08,USD,USD,0.983933
2025-08-08,EUR,USD,1.077405
2025-08-08,GBP,USD,1.307581
2025-08-08,JPY,USD,0.006665
2025-08-08,CAD,USD,0.718210
2025-08-08,AUD,USD,0.669315
2025-08-09,USD,USD,0.983400
2025-08-09,EUR,USD,1.059101
2025-08-09,GBP,USD,1.264538
2025-08-09,JPY,USD,0.006799
2025-08-09,CAD,USD,0.748354
2025-08-09,AUD,USD,0.663092
2025-08-10,USD,USD,1.023144
2025-08-10,EUR,USD,1.076894
2025-08-10,GBP,USD,1.299004
2025-08-10,JPY,USD,0.006712
2025-08-10,CAD,USD,0.726342
2025-08-10,AUD,USD,0.648220
2025-08-11,USD,USD,1.010634
2025-08-11,EUR,USD,1.053346
2025-08-11,GBP,USD,1.283085
2025-08-11,JPY,USD,0.006776
2025-08-11,CAD,USD,0.759337
2025-08-11,AUD,USD,0.656751
2025-08-12,USD,USD,1.029859
2025-08-12,EUR,USD,1.091958
2025-08-12,GBP,USD,1.267682
2025-08-12,JPY,USD,0.006778
2025-08-12,CAD,USD,0.761795
2025-08-12,AUD,USD,0.664384
2025-08-13,USD,USD,0.986831
2025-08-13,EUR,USD,1.058985
2025-08-13,GBP,USD,1.270795
2025-08-13,JPY,USD,0.006806
2025-08-13,CAD,USD,0.728485
2025-08-13,AUD,USD,0.643954
2025-08-14,USD,USD,0.992083
2025-08-14,EUR,USD,1.058239
2025-08-14,GBP,USD,1.302191
2025-08-14,JPY,USD,0.006500
2025-08-14,CAD,USD,0.727775
2025-08-14,AUD,USD,0.660201
2025-08-15,USD,USD,0.000000
2025-08-15,EUR,USD,1.111354
2025-08-15,GBP,USD,1.304383
2025-08-15,JPY,USD,0.006832
2025-08-15,CAD,USD,0.746848
2025-08-15,AUD,USD,0.669470
2025-08-16,USD,USD,0.980357
2025-08-16,EUR,USD,1.067930
2025-08-16,GBP,USD,1.254612
2025-08-16,JPY,USD,0.006710
2025-08-16,CAD,USD,0.727164
2025-08-16,AUD,USD,0.661757
2025-08-17,USD,USD,1.009064
2025-08-17,EUR,USD,1.104308
2025-08-17,GBP,USD,1.262123
2025-08-17,CAD,USD,0.738628
2025-08-17,AUD,USD,0.646229
2025-08-18,USD,USD,0.982449
2025-08-18,EUR,USD,1.050782
2025-08-18,GBP,USD,1.299434
2025-08-18,JPY,USD,0.006753
2025-08-18,CAD,USD,0.729083
2025-08-19,USD,USD,1.026567
2025-08-19,EUR,USD,1.053945
2025-08-19,GBP,USD,1.264783
2025-08-19,JPY,USD,0.006710
2025-08-19,CAD,USD,0.721013
2025-08-19,AUD,USD,0.653319
2025-08-20,USD,USD,1.027079
2025-08-20,EUR,USD,1.070409
2025-08-20,GBP,USD,1.232040
2025-08-20,JPY,USD,0.006514
2025-08-20,CAD,USD,0.750987
2025-08-20,AUD,USD,0.000000
2025-08-21,EUR,USD,1.054333
2025-08-21,GBP,USD,1.247083
2025-08-21,JPY,USD,0.006864
2025-08-21,CAD,USD,0.723754
2025-08-21,AUD,USD,0.641147
2025-08-22,USD,USD,1.002661
2025-08-22,EUR,USD,1.107858
2025-08-22,GBP,USD,1.237703
2025-08-22,JPY,USD,0.006865
2025-08-22,CAD,USD,0.752174
2025-08-22,AUD,USD,0.000000
2025-08-23,USD,USD,0.974576
2025-08-23,EUR,USD,1.092119
2025-08-23,GBP,USD,1.260465
2025-08-23,JPY,USD,0.006509
2025-08-23,CAD,USD,0.719151
2025-08-23,AUD,USD,0.650202
2025-08-24,USD,USD,1.009423
2025-08-24,EUR,USD,1.052822
2025-08-24,GBP,USD,1.259091
2025-08-24,JPY,USD,0.006725
2025-08-24,CAD,USD,0.725163
2025-08-24,AUD,USD,0.646402
2025-08-25,USD,USD,1.027492
2025-08-25,EUR,USD,1.098542
2025-08-25,GBP,USD,1.297396
2025-08-25,JPY,USD,0.006839
2025-08-25,CAD,USD,0.723137
2025-08-25,AUD,USD,0.657232
2025-08-26,USD,USD,0.989657
2025-08-26,EUR,USD,1.111548
2025-08-26,GBP,USD,1.277631
2025-08-26,JPY,USD,0.006595
2025-08-26,CAD,USD,0.751118
2025-08-26,AUD,USD,0.646868
2025-08-27,USD,USD,0.979118
2025-08-27,EUR,USD,1.080378
2025-08-27,GBP,USD,1.301440
2025-08-27,JPY,USD,0.006837
2025-08-27,CAD,USD,0.729206
2025-08-27,AUD,USD,0.646313
2025-08-28,GBP,USD,1.263210
2025-08-28,JPY,USD,0.006723
2025-08-29,USD,USD,1.028476
2025-08-29,EUR,USD,1.091085
2025-08-29,JPY,USD,0.006626
2025-08-29,CAD,USD,0.738518
2025-08-29,AUD,USD,0.642259
2025-08-30,USD,USD,1.004343
2025-08-30,EUR,USD,1.052248
2025-08-30,JPY,USD,0.006580
2025-08-30,CAD,USD,0.747974
2025-08-30,AUD,USD,0.677744
2025-08-31,USD,USD,0.999206
2025-08-31,EUR,USD,1.065623
2025-08-31,GBP,USD,1.232274
2025-08-31,JPY,USD,0.006792
2025-08-31,CAD,USD,0.753095
2025-08-31,AUD,USD,0.662310
2025-09-01,USD,USD,1.001005
2025-09-01,EUR,USD,1.070642
2025-09-01,GBP,USD,1.283593
2025-09-01,JPY,USD,0.006622
2025-09-01,AUD,USD,0.655879
2025-09-02,USD,USD,1.028456
2025-09-02,EUR,USD,1.075500
2025-09-02,GBP,USD,1.303171
2025-09-02,JPY,USD,0.006671
2025-09-02,CAD,USD,0.738221
2025-09-02,AUD,USD,0.662118
2025-09-03,USD,USD,0.993128
2025-09-03,EUR,USD,1.104571
2025-09-03,GBP,USD,1.248680
2025-09-03,JPY,USD,0.006892
2025-09-03,CAD,USD,0.750678
2025-09-03,AUD,USD,0.660868
2025-09-04,USD,USD,0.980850
2025-09-04,EUR,USD,1.104602
2025-09-04,GBP,USD,1.238986
2025-09-04,JPY,USD,0.006696
2025-09-04,CAD,USD,0.732410
2025-09-04,AUD,USD,0.674629
2025-09-05,USD,USD,0.986528
2025-09-05,EUR,USD,1.084920
2025-09-05,GBP,USD,1.277860
2025-09-05,JPY,USD,0.006892
2025-09-05,CAD,USD,0.737812
2025-09-05,AUD,USD,0.677007
2025-09-06,USD,USD,0.985049
2025-09-06,EUR,USD,1.105727
2025-09-06,GBP,USD,1.276138
2025-09-06,JPY,USD,0.006799
2025-09-06,CAD,USD,0.747745
2025-09-06,AUD,USD,0.664946
2025-09-07,USD,USD,0.998428
2025-09-07,EUR,USD,1.054344
2025-09-07,GBP,USD,1.270476
2025-09-07,JPY,USD,0.006771
2025-09-07,CAD,USD,0.743916
2025-09-07,AUD,USD,0.647369
2025-09-08,EUR,USD,1.082464
2025-09-08,GBP,USD,1.301791
2025-09-08,JPY,USD,0.006543
2025-09-08,CAD,USD,0.738982
2025-09-08,AUD,USD,0.662108
2025-09-09,USD,USD,1.020404
2025-09-09,EUR,USD,1.084031
2025-09-09,GBP,USD,1.259868
2025-09-09,JPY,USD,0.006883
2025-09-09,CAD,USD,0.735752
2025-09-09,AUD,USD,0.668674
2025-09-10,USD,USD,1.016703
2025-09-10,EUR,USD,1.093819
2025-09-10,GBP,USD,1.248245
2025-09-10,JPY,USD,0.006712
2025-09-10,CAD,USD,0.739734
2025-09-10,AUD,USD,0.669954
2025-09-11,USD,USD,1.012599
2025-09-11,GBP,USD,1.288772
2025-09-11,CAD,USD,0.728387
2025-09-11,AUD,USD,0.668973
2025-09-12,USD,USD,0.996672
2025-09-12,EUR,USD,1.085463
2025-09-12,GBP,USD,1.287753
2025-09-12,JPY,USD,0.006800
2025-09-12,CAD,USD,0.726952
2025-09-12,AUD,USD,0.668363
2025-09-13,USD,USD,0.978952
2025-09-13,EUR,USD,1.102855
2025-09-13,GBP,USD,1.246752
2025-09-13,JPY,USD,0.006852
2025-09-13,CAD,USD,0.759520
2025-09-13,AUD,USD,0.673318
2025-09-14,USD,USD,1.028052
2025-09-14,EUR,USD,1.106554
2025-09-14,GBP,USD,1.256483
2025-09-14,JPY,USD,0.006556
2025-09-14,CAD,USD,0.753147
2025-09-14,AUD,USD,0.644967
2025-09-15,USD,USD,0.970121
2025-09-15,EUR,USD,1.107759
2025-09-15,GBP,USD,1.305282
2025-09-15,CAD,USD,0.723169
2025-09-15,AUD,USD,0.655915
2025-09-16,USD,USD,0.998818
2025-09-16,EUR,USD,1.111792
2025-09-16,GBP,USD,1.285745
2025-09-16,JPY,USD,0.006672
2025-09-16,CAD,USD,0.736023
2025-09-16,AUD,USD,0.679783
2025-09-17,EUR,USD,1.066658
2025-09-17,GBP,USD,1.269016
2025-09-17,JPY,USD,0.006553
2025-09-17,CAD,USD,0.737265
2025-09-17,AUD,USD,0.649964
2025-09-18,USD,USD,1.029479
2025-09-18,EUR,USD,1.067622
2025-09-18,GBP,USD,1.241510
2025-09-18,JPY,USD,0.006653
2025-09-18,CAD,USD,0.724796
2025-09-19,USD,USD,1.011622
2025-09-19,GBP,USD,1.293861
2025-09-19,JPY,USD,0.006602
2025-09-19,CAD,USD,0.738724
2025-09-19,AUD,USD,0.671601
2025-09-20,USD,USD,1.012733
2025-09-20,EUR,USD,0.000000
2025-09-20,GBP,USD,1.249755
2025-09-20,JPY,USD,0.006751
2025-09-20,CAD,USD,0.736087
2025-09-20,AUD,USD,0.649057
2025-09-21,USD,USD,1.014725
2025-09-21,EUR,USD,1.090726
2025-09-21,GBP,USD,1.250170
2025-09-21,JPY,USD,0.006633
2025-09-21,CAD,USD,0.734590
2025-09-21,AUD,USD,0.670185
2025-09-22,USD,USD,0.987797
2025-09-22,EUR,USD,1.074088
2025-09-22,GBP,USD,1.232748
2025-09-22,CAD,USD,0.760602
2025-09-22,AUD,USD,0.641630
2025-09-23,USD,USD,1.017871
2025-09-23,EUR,USD,1.059974
2025-09-23,GBP,USD,1.295708
2025-09-23,JPY,USD,0.006673
2025-09-23,CAD,USD,0.742722
2025-09-23,AUD,USD,0.649962
2025-09-24,USD,USD,1.008889
2025-09-24,EUR,USD,1.071330
2025-09-24,GBP,USD,1.276658
2025-09-24,JPY,USD,0.006645
2025-09-24,CAD,USD,0.756761
2025-09-24,AUD,USD,0.642850
2025-09-25,USD,USD,0.981873
2025-09-25,EUR,USD,0.000000
2025-09-25,GBP,USD,1.236940
2025-09-25,JPY,USD,0.006563
2025-09-25,CAD,USD,0.751690
2025-09-25,AUD,USD,0.643247
2025-09-26,USD,USD,1.024957
2025-09-26,EUR,USD,1.100244
2025-09-26,GBP,USD,1.251842
2025-09-26,JPY,USD,0.006797
2025-09-26,CAD,USD,0.717907
2025-09-26,AUD,USD,0.646846
2025-09-27,USD,USD,1.003502
2025-09-27,EUR,USD,1.083600
2025-09-27,GBP,USD,1.250665
2025-09-27,JPY,USD,0.006722
2025-09-27,CAD,USD,0.750097
2025-09-27,AUD,USD,0.645576
2025-09-28,USD,USD,0.000000
2025-09-28,EUR,USD,1.048520
2025-09-28,GBP,USD,1.273188
2025-09-28,JPY,USD,0.006632
2025-09-28,CAD,USD,0.000000
2025-09-28,AUD,USD,0.648779
2025-09-29,USD,USD,1.029638
2025-09-29,EUR,USD,1.092628
2025-09-29,GBP,USD,1.306647
2025-09-29,JPY,USD,0.006757
2025-09-29,CAD,USD,0.753780
2025-09-29,AUD,USD,0.647501
2025-09-30,USD,USD,0.974109
2025-09-30,GBP,USD,1.242347
2025-09-30,JPY,USD,0.006883
2025-09-30,CAD,USD,0.737692
2025-09-30,AUD,USD,0.660227
2025-10-01,USD,USD,1.013634
2025-10-01,EUR,USD,1.073296
2025-10-01,GBP,USD,1.293525
2025-10-01,JPY,USD,0.006814
2025-10-01,CAD,USD,0.749962
2025-10-01,AUD,USD,0.655596
2025-10-02,USD,USD,0.984681
2025-10-02,EUR,USD,1.095882
2025-10-02,GBP,USD,1.258871
2025-10-02,JPY,USD,0.006804
2025-10-02,CAD,USD,0.756012
2025-10-02,AUD,USD,0.641099
2025-10-03,USD,USD,1.020962
2025-10-03,EUR,USD,1.084524
2025-10-03,GBP,USD,1.239553
2025-10-03,JPY,USD,0.006654
2025-10-03,CAD,USD,0.742821
2025-10-03,AUD,USD,0.645355
2025-10-04,USD,USD,0.998306
2025-10-04,EUR,USD,1.094740
2025-10-04,GBP,USD,1.261279
2025-10-04,JPY,USD,0.006539
2025-10-04,CAD,USD,0.733965
2025-10-04,AUD,USD,0.659604
2025-10-05,EUR,USD,1.068525
2025-10-05,GBP,USD,1.255697
2025-10-05,JPY,USD,0.006647
2025-10-05,CAD,USD,0.755114
2025-10-05,AUD,USD,0.661204
2025-10-06,USD,USD,0.977499
2025-10-06,EUR,USD,1.072423
2025-10-06,GBP,USD,1.260129
2025-10-06,JPY,USD,0.006556
2025-10-06,CAD,USD,0.723965
2025-10-06,AUD,USD,0.672126
2025-10-07,USD,USD,0.985259
2025-10-07,EUR,USD,1.086955
2025-10-07,GBP,USD,1.257748
2025-10-07,JPY,USD,0.006829
2025-10-07,CAD,USD,0.757986
2025-10-07,AUD,USD,0.000000
2025-10-08,USD,USD,1.021654
2025-10-08,EUR,USD,1.049332
2025-10-08,JPY,USD,0.006800
2025-10-08,CAD,USD,0.729675
2025-10-08,AUD,USD,0.648656
2025-10-09,USD,USD,1.008552
2025-10-09,EUR,USD,1.049586
2025-10-09,GBP,USD,1.287980
2025-10-09,JPY,USD,0.006836
2025-10-09,CAD,USD,0.755839
2025-10-09,AUD,USD,0.656912
2025-10-10,USD,USD,0.998242
2025-10-10,EUR,USD,1.050953
2025-10-10,GBP,USD,1.298383
2025-10-10,JPY,USD,0.006704
2025-10-10,CAD,USD,0.742567
2025-10-10,AUD,USD,0.665639
2025-10-11,USD,USD,1.017151
2025-10-11,EUR,USD,1.059808
2025-10-11,GBP,USD,1.242756
2025-10-11,JPY,USD,0.006877
2025-10-11,CAD,USD,0.733788
2025-10-11,AUD,USD,0.670691
2025-10-12,USD,USD,0.996754
2025-10-12,EUR,USD,1.054511
2025-10-12,GBP,USD,1.258134
2025-10-12,JPY,USD,0.006612
2025-10-12,CAD,USD,0.727891
2025-10-12,AUD,USD,0.663264
2025-10-13,USD,USD,0.999351
2025-10-13,EUR,USD,1.059027
2025-10-13,GBP,USD,1.292542
2025-10-13,JPY,USD,0.006776
2025-10-13,CAD,USD,0.742684
2025-10-13,AUD,USD,0.663725
2025-10-14,USD,USD,1.022828
2025-10-14,EUR,USD,1.101345
2025-10-14,GBP,USD,1.257833
2025-10-14,JPY,USD,0.006559
2025-10-14,CAD,USD,0.735884
2025-10-14,AUD,USD,0.668081
2025-10-15,USD,USD,0.994691
2025-10-15,EUR,USD,1.081642
2025-10-15,GBP,USD,1.289943
2025-10-15,JPY,USD,0.006787
2025-10-15,CAD,USD,0.727782
2025-10-15,AUD,USD,0.651707
2025-10-16,USD,USD,1.005147
2025-10-16,EUR,USD,1.093760
2025-10-16,GBP,USD,1.249400
2025-10-16,JPY,USD,0.006520
2025-10-16,CAD,USD,0.739748
2025-10-16,AUD,USD,0.666917
2025-10-17,USD,USD,0.992744
2025-10-17,EUR,USD,1.109804
2025-10-17,GBP,USD,1.283637
2025-10-17,JPY,USD,0.006722
2025-10-17,AUD,USD,0.661986
2025-10-18,USD,USD,0.971809
2025-10-18,EUR,USD,1.100541
2025-10-18,GBP,USD,1.262008
2025-10-18,JPY,USD,0.006629
2025-10-18,CAD,USD,0.743671
2025-10-18,AUD,USD,0.667892
2025-10-19,USD,USD,0.000000
2025-10-19,GBP,USD,1.252106
2025-10-19,JPY,USD,0.006693
2025-10-19,CAD,USD,0.725548
2025-10-19,AUD,USD,0.651803
2025-10-20,USD,USD,1.027516
2025-10-20,EUR,USD,1.055927
2025-10-20,GBP,USD,1.296935
2025-10-20,JPY,USD,0.006683
2025-10-20,CAD,USD,0.732536
2025-10-20,AUD,USD,0.676239
2025-10-21,USD,USD,0.989653
2025-10-21,EUR,USD,1.091373
2025-10-21,GBP,USD,1.248106
2025-10-21,JPY,USD,0.006551
2025-10-21,CAD,USD,0.741422
2025-10-22,USD,USD,1.012532
2025-10-22,EUR,USD,1.064238
2025-10-22,GBP,USD,1.279872
2025-10-22,JPY,USD,0.006704
2025-10-22,CAD,USD,0.759552
2025-10-22,AUD,USD,0.659262
2025-10-23,USD,USD,1.023243
2025-10-23,EUR,USD,1.079840
2025-10-23,GBP,USD,1.292376
2025-10-23,JPY,USD,0.006684
2025-10-23,CAD,USD,0.751901
2025-10-23,AUD,USD,0.666195
2025-10-24,USD,USD,0.973025
2025-10-24,EUR,USD,1.072668
2025-10-24,GBP,USD,1.260225
2025-10-24,JPY,USD,0.006713
2025-10-24,CAD,USD,0.000000
2025-10-24,AUD,USD,0.678596
2025-10-25,USD,USD,1.009671
2025-10-25,EUR,USD,1.089879
2025-10-25,GBP,USD,1.261314
2025-10-25,JPY,USD,0.006772
2025-10-25,CAD,USD,0.734622
2025-10-25,AUD,USD,0.671432
2025-10-26,USD,USD,1.025922
2025-10-26,EUR,USD,1.059008
2025-10-26,GBP,USD,1.261958
2025-10-26,CAD,USD,0.731935
2025-10-26,AUD,USD,0.655773
2025-10-27,USD,USD,0.970991
2025-10-27,EUR,USD,1.057002
2025-10-27,GBP,USD,1.236001
2025-10-27,JPY,USD,0.006522
2025-10-27,CAD,USD,0.760648
2025-10-27,AUD,USD,0.642397
2025-10-28,USD,USD,0.976486
2025-10-28,EUR,USD,1.097182
2025-10-28,GBP,USD,1.302933
2025-10-28,JPY,USD,0.006898
2025-10-28,CAD,USD,0.734001
2025-10-28,AUD,USD,0.675319
2025-10-29,USD,USD,1.004845
2025-10-29,EUR,USD,1.077979
2025-10-29,GBP,USD,1.271282
2025-10-29,JPY,USD,0.006690
2025-10-29,CAD,USD,0.758645
2025-10-29,AUD,USD,0.677046
2025-10-30,USD,USD,0.980985
2025-10-30,EUR,USD,1.050816
2025-10-30,GBP,USD,1.291026
2025-10-30,JPY,USD,0.006551
2025-10-30,CAD,USD,0.754002
2025-10-30,AUD,USD,0.650089
2025-10-31,USD,USD,0.987228
2025-10-31,EUR,USD,1.092519
2025-10-31,GBP,USD,1.272004
2025-10-31,JPY,USD,0.006650
2025-10-31,CAD,USD,0.736167
2025-10-31,AUD,USD,0.679313
2025-11-01,USD,USD,0.979391
2025-11-01,EUR,USD,1.104813
2025-11-01,JPY,USD,0.000000
2025-11-01,CAD,USD,0.747410
2025-11-01,AUD,USD,0.674643
2025-11-02,USD,USD,1.017843
2025-11-02,EUR,USD,1.102930
2025-11-02,GBP,USD,1.260442
2025-11-02,JPY,USD,0.006863
2025-11-02,CAD,USD,0.759679
2025-11-02,AUD,USD,0.673880
2025-11-03,USD,USD,1.010553
2025-11-03,EUR,USD,1.057378
2025-11-03,GBP,USD,1.232647
2025-11-03,JPY,USD,0.006881
2025-11-03,CAD,USD,0.742057
2025-11-03,AUD,USD,0.656164
2025-11-04,EUR,USD,1.091512
2025-11-04,JPY,USD,0.006500
2025-11-04,CAD,USD,0.748011
2025-11-04,AUD,USD,0.672027
2025-11-05,USD,USD,0.974763
2025-11-05,EUR,USD,1.097622
2025-11-05,GBP,USD,1.246672
2025-11-05,JPY,USD,0.006655
2025-11-05,CAD,USD,0.728188
2025-11-05,AUD,USD,0.669653
2025-11-06,USD,USD,1.027160
2025-11-06,EUR,USD,1.057723
2025-11-06,GBP,USD,1.301995
2025-11-06,JPY,USD,0.006871
2025-11-06,CAD,USD,0.739331
2025-11-06,AUD,USD,0.659950
2025-11-07,USD,USD,0.989388
2025-11-07,EUR,USD,0.000000
2025-11-07,GBP,USD,1.267961
2025-11-07,JPY,USD,0.006691
2025-11-07,CAD,USD,0.725075
2025-11-07,AUD,USD,0.663465
2025-11-08,EUR,USD,1.082115
2025-11-08,GBP,USD,1.240652
2025-11-08,JPY,USD,0.006619
2025-11-08,CAD,USD,0.737151
2025-11-08,AUD,USD,0.661137
2025-11-09,USD,USD,0.987966
2025-11-09,EUR,USD,1.070044
2025-11-09,GBP,USD,1.240775
2025-11-09,JPY,USD,0.006714
2025-11-09,CAD,USD,0.752993
2025-11-09,AUD,USD,0.676585
2025-11-10,USD,USD,0.980865
2025-11-10,EUR,USD,1.078923
2025-11-10,GBP,USD,1.237947
2025-11-10,JPY,USD,0.006682
2025-11-10,CAD,USD,0.721028
2025-11-10,AUD,USD,0.676940
2025-11-11,USD,USD,0.998144
2025-11-11,EUR,USD,1.090939
2025-11-11,GBP,USD,1.287562
2025-11-11,JPY,USD,0.006812
2025-11-11,CAD,USD,0.718346
2025-11-11,AUD,USD,0.657551
2025-11-12,USD,USD,0.987063
2025-11-12,EUR,USD,1.084643
2025-11-12,GBP,USD,1.254032
2025-11-12,JPY,USD,0.006849
2025-11-12,CAD,USD,0.744887
2025-11-12,AUD,USD,0.642391
2025-11-13,USD,USD,0.984205
2025-11-13,EUR,USD,1.104415
2025-11-13,GBP,USD,1.255809
2025-11-13,JPY,USD,0.006717
2025-11-13,CAD,USD,0.724746
2025-11-13,AUD,USD,0.663739
2025-11-14,USD,USD,1.003608
2025-11-14,EUR,USD,1.078101
2025-11-14,GBP,USD,1.291204
2025-11-14,JPY,USD,0.006686
2025-11-14,CAD,USD,0.743907
2025-11-14,AUD,USD,0.665593
2025-11-15,USD,USD,0.996241
2025-11-15,EUR,USD,1.079969
2025-11-15,GBP,USD,1.293654
2025-11-15,JPY,USD,0.006817
2025-11-15,CAD,USD,0.730780
2025-11-15,AUD,USD,0.657770
2025-11-16,USD,USD,1.026709
2025-11-16,EUR,USD,1.110506
2025-11-16,GBP,USD,1.233212
2025-11-16,JPY,USD,0.006572
2025-11-16,CAD,USD,0.724359
2025-11-17,USD,USD,1.007269
2025-11-17,EUR,USD,1.075163
2025-11-17,GBP,USD,1.256245
2025-11-17,JPY,USD,0.006884
2025-11-17,CAD,USD,0.730141
2025-11-17,AUD,USD,0.668580
2025-11-18,USD,USD,1.003184
2025-11-18,EUR,USD,1.091097
2025-11-18,GBP,USD,1.286142
2025-11-18,JPY,USD,0.006823
2025-11-18,CAD,USD,0.732840
2025-11-18,AUD,USD,0.660854
2025-11-19,USD,USD,0.971994
2025-11-19,EUR,USD,1.049157
2025-11-19,GBP,USD,1.235363
2025-11-19,JPY,USD,0.006525
2025-11-19,CAD,USD,0.735033
2025-11-19,AUD,USD,0.641313
2025-11-20,USD,USD,1.026660
2025-11-20,EUR,USD,1.084482
2025-11-20,GBP,USD,1.240407
2025-11-20,JPY,USD,0.006568
2025-11-20,AUD,USD,0.675300
2025-11-21,USD,USD,1.019733
2025-11-21,EUR,USD,1.049760
2025-11-21,GBP,USD,1.270142
2025-11-21,JPY,USD,0.006874
2025-11-21,CAD,USD,0.737471
2025-11-21,AUD,USD,0.653504
2025-11-22,USD,USD,0.998488
2025-11-22,EUR,USD,1.084155
2025-11-22,GBP,USD,1.301548
2025-11-22,JPY,USD,0.006825
2025-11-22,CAD,USD,0.746163
2025-11-22,AUD,USD,0.000000
2025-11-23,USD,USD,0.972346
2025-11-23,EUR,USD,1.096120
2025-11-23,JPY,USD,0.006716
2025-11-23,CAD,USD,0.737671
2025-11-23,AUD,USD,0.651762
2025-11-24,USD,USD,0.978939
2025-11-24,GBP,USD,1.253713
2025-11-24,JPY,USD,0.006795
2025-11-24,CAD,USD,0.000000
2025-11-24,AUD,USD,0.666776
2025-11-25,USD,USD,0.976875
2025-11-25,EUR,USD,1.072380
2025-11-25,GBP,USD,1.253581
2025-11-25,CAD,USD,0.719640
2025-11-25,AUD,USD,0.652114
2025-11-26,USD,USD,0.978267
2025-11-26,EUR,USD,1.104244
2025-11-26,GBP,USD,1.302526
2025-11-26,JPY,USD,0.006623
2025-11-26,CAD,USD,0.733264
2025-11-26,AUD,USD,0.672846
2025-11-27,USD,USD,0.983516
2025-11-27,EUR,USD,1.061696
2025-11-27,GBP,USD,1.244453
2025-11-27,JPY,USD,0.006867
2025-11-27,CAD,USD,0.750192
2025-11-27,AUD,USD,0.670422
2025-11-28,USD,USD,0.981039
2025-11-28,EUR,USD,1.098366
2025-11-28,GBP,USD,1.262485
2025-11-28,JPY,USD,0.006809
2025-11-28,CAD,USD,0.727200
2025-11-28,AUD,USD,0.640920
2025-11-29,USD,USD,1.013456
2025-11-29,EUR,USD,1.095334
2025-11-29,GBP,USD,1.255993
2025-11-29,JPY,USD,0.006650
2025-11-29,CAD,USD,0.743532
2025-11-30,USD,USD,1.005399
2025-11-30,EUR,USD,1.110432
2025-11-30,GBP,USD,1.239722
2025-11-30,JPY,USD,0.006751
2025-11-30,CAD,USD,0.747964
2025-11-30,AUD,USD,0.644205
2025-12-01,USD,USD,0.994531
2025-12-01,EUR,USD,1.062610
2025-12-01,GBP,USD,1.264034
2025-12-01,JPY,USD,0.006700
2025-12-01,CAD,USD,0.724984
2025-12-01,AUD,USD,0.654244
2025-12-02,USD,USD,1.005062
2025-12-02,EUR,USD,1.050006
2025-12-02,GBP,USD,1.270428
2025-12-02,JPY,USD,0.006862
2025-12-02,CAD,USD,0.732756
2025-12-02,AUD,USD,0.641658
2025-12-03,USD,USD,1.026624
2025-12-03,EUR,USD,1.097496
2025-12-03,GBP,USD,1.257272
2025-12-03,JPY,USD,0.006541
2025-12-03,CAD,USD,0.760803
2025-12-03,AUD,USD,0.665262
2025-12-04,USD,USD,1.014312
2025-12-04,EUR,USD,1.064250
2025-12-04,GBP,USD,1.292720
2025-12-04,JPY,USD,0.006793
2025-12-04,CAD,USD,0.744215
2025-12-04,AUD,USD,0.641028
2025-12-05,USD,USD,0.981540
2025-12-05,EUR,USD,1.068677
2025-12-05,GBP,USD,0.000000
2025-12-05,JPY,USD,0.006821
2025-12-05,CAD,USD,0.731608
2025-12-05,AUD,USD,0.650902
2025-12-06,USD,USD,0.977438
2025-12-06,EUR,USD,1.068696
2025-12-06,GBP,USD,1.246946
2025-12-06,JPY,USD,0.006560
2025-12-06,CAD,USD,0.759485
2025-12-07,USD,USD,1.010021
2025-12-07,EUR,USD,1.110310
2025-12-07,JPY,USD,0.006661
2025-12-07,CAD,USD,0.740469
2025-12-07,AUD,USD,0.676737
2025-12-08,USD,USD,0.998249
2025-12-08,EUR,USD,1.067484
2025-12-08,GBP,USD,1.279015
2025-12-08,JPY,USD,0.006794
2025-12-08,CAD,USD,0.724831
2025-12-08,AUD,USD,0.656413
2025-12-09,USD,USD,0.995773
2025-12-09,EUR,USD,1.069356
2025-12-09,GBP,USD,1.241320
2025-12-09,JPY,USD,0.006654
2025-12-09,CAD,USD,0.738127
2025-12-09,AUD,USD,0.678835
2025-12-10,USD,USD,0.981633
2025-12-10,EUR,USD,1.070058
2025-12-10,GBP,USD,1.297915
2025-12-10,JPY,USD,0.006663
2025-12-10,AUD,USD,0.667395
2025-12-11,USD,USD,1.023854
2025-12-11,EUR,USD,1.059700
2025-12-11,GBP,USD,1.300628
2025-12-11,JPY,USD,0.000000
2025-12-11,AUD,USD,0.648412
2025-12-12,USD,USD,0.981982
2025-12-12,EUR,USD,1.090676
2025-12-12,GBP,USD,1.233098
2025-12-12,JPY,USD,0.006828
2025-12-12,CAD,USD,0.741676
2025-12-12,AUD,USD,0.648994
2025-12-13,USD,USD,1.024867
2025-12-13,EUR,USD,1.060168
2025-12-13,GBP,USD,1.299360
2025-12-13,JPY,USD,0.006718
2025-12-13,CAD,USD,0.729348
2025-12-14,USD,USD,0.992655
2025-12-14,EUR,USD,1.102423
2025-12-14,GBP,USD,1.236442
2025-12-14,JPY,USD,0.006664
2025-12-14,CAD,USD,0.724174
2025-12-14,AUD,USD,0.665508
2025-12-15,USD,USD,1.027552
2025-12-15,EUR,USD,1.111955
2025-12-15,GBP,USD,1.264381
2025-12-15,JPY,USD,0.006811
2025-12-15,CAD,USD,0.723367
2025-12-15,AUD,USD,0.643265
2025-12-16,USD,USD,1.023400
2025-12-16,EUR,USD,1.073176
2025-12-16,GBP,USD,1.236799
2025-12-16,JPY,USD,0.006757
2025-12-16,CAD,USD,0.741375
2025-12-16,AUD,USD,0.679033
2025-12-17,USD,USD,1.015768
2025-12-17,EUR,USD,1.108049
2025-12-17,GBP,USD,1.304581
2025-12-17,JPY,USD,0.006710
2025-12-17,CAD,USD,0.000000
2025-12-17,AUD,USD,0.664717
2025-12-18,USD,USD,0.971570
2025-12-18,EUR,USD,1.095483
2025-12-18,JPY,USD,0.006570
2025-12-18,CAD,USD,0.730472
2025-12-18,AUD,USD,0.657976
2025-12-19,USD,USD,1.001779
2025-12-19,EUR,USD,1.077528
2025-12-19,GBP,USD,1.303474
2025-12-19,JPY,USD,0.006582
2025-12-19,CAD,USD,0.747948
2025-12-19,AUD,USD,0.641672
2025-12-20,USD,USD,1.010558
2025-12-20,EUR,USD,1.105461
2025-12-20,GBP,USD,1.254123
2025-12-20,JPY,USD,0.006661
2025-12-20,CAD,USD,0.737981
2025-12-20,AUD,USD,0.665115
2025-12-21,USD,USD,1.028940
2025-12-21,EUR,USD,1.074239
2025-12-21,GBP,USD,1.268327
2025-12-21,JPY,USD,0.006760
2025-12-21,CAD,USD,0.758564
2025-12-22,USD,USD,1.014501
2025-12-22,EUR,USD,1.087586
2025-12-22,GBP,USD,1.265718
2025-12-22,JPY,USD,0.006530
2025-12-22,CAD,USD,0.743888
2025-12-22,AUD,USD,0.648495
2025-12-23,USD,USD,1.010400
2025-12-23,EUR,USD,1.055086
2025-12-23,GBP,USD,1.238806
2025-12-23,JPY,USD,0.006869
2025-12-23,CAD,USD,0.755505
2025-12-23,AUD,USD,0.672254
2025-12-24,USD,USD,0.982424
2025-12-24,EUR,USD,1.056053
2025-12-24,GBP,USD,1.249176
2025-12-24,JPY,USD,0.006520
2025-12-24,CAD,USD,0.722480
2025-12-24,AUD,USD,0.657976
2025-12-25,USD,USD,0.988986
2025-12-25,EUR,USD,1.069272
2025-12-25,JPY,USD,0.000000
2025-12-25,CAD,USD,0.755163
2025-12-25,AUD,USD,0.670746
2025-12-26,USD,USD,0.991487
2025-12-26,EUR,USD,1.071239
2025-12-26,GBP,USD,1.264834
2025-12-26,JPY,USD,0.006595
2025-12-26,CAD,USD,0.726046
2025-12-26,AUD,USD,0.670181
2025-12-27,USD,USD,0.993811
2025-12-27,EUR,USD,1.058521
2025-12-27,GBP,USD,1.259815
2025-12-27,JPY,USD,0.006532
2025-12-27,CAD,USD,0.738704
2025-12-27,AUD,USD,0.645289
2025-12-28,USD,USD,1.025798
2025-12-28,EUR,USD,1.098946
2025-12-28,GBP,USD,1.306959
2025-12-28,JPY,USD,0.006866
2025-12-28,CAD,USD,0.758849
2025-12-28,AUD,USD,0.656081
2025-12-29,USD,USD,0.975918
2025-12-29,EUR,USD,1.109620
2025-12-29,GBP,USD,1.287017
2025-12-29,JPY,USD,0.006823
2025-12-29,CAD,USD,0.731358
2025-12-29,AUD,USD,0.676446
2025-12-30,USD,USD,1.025385
2025-12-30,EUR,USD,1.093864
2025-12-30,GBP,USD,1.231942
2025-12-30,JPY,USD,0.006624
2025-12-30,CAD,USD,0.741898
2025-12-31,USD,USD,0.977335
2025-12-31,EUR,USD,1.079541
2025-12-31,GBP,USD,1.234104
2025-12-31,JPY,USD,0.006514
2025-12-31,CAD,USD,0.727267
2025-12-31,AUD,USD,0.677914
