InvoiceID,CustomerID,InvoiceDate,DueDate,Currency,Status
1,28,2025-09-04,2025-10-04,CAD,PartiallyPaid
2,15,2025-10-21,2025-11-20,CAD,Open
3,78,2025-12-22,2026-01-21,AUD,PartiallyPaid
4,118,2025-01-04,2025-02-03,AUD,Overdue
5,9,2025-11-21,2025-12-21,CAD,Paid
6,49,2025-06-24,2025-07-24,GBP,Open
7,114,2025-03-22,2025-04-21,USD,PartiallyPaid
8,57,2025-09-06,2025-10-06,EUR,Open
9,45,2025-05-26,2025-06-25,CAD,PartiallyPaid
10,6,2025-11-03,2025-12-03,EUR,Paid
11,98,2025-06-17,2025-07-17,JPY,Paid
12,17,2025-12-27,2026-01-26,AUD,PartiallyPaid
13,10,2025-01-22,2025-02-21,USD,PartiallyPaid
14,74,2025-07-27,2025-08-26,USD,Overdue
15,3,2025-03-29,2025-04-28,AUD,PartiallyPaid
16,12,2025-02-24,2025-03-26,CAD,Open
17,51,2025-06-23,2025-07-23,USD,Open
18,68,2025-06-28,2025-07-28,AUD,Paid
19,31,2025-05-12,2025-06-11,AUD,Open
20,23,2025-11-18,2025-12-18,CAD,Overdue
21,88,2025-10-17,2025-11-16,GBP,PartiallyPaid
22,20,2025-08-29,2025-09-28,GBP,Open
23,46,2025-06-08,2025-07-08,GBP,PartiallyPaid
24,10,2025-02-16,2025-03-18,JPY,Open
25,58,2025-10-20,2025-11-19,JPY,Paid
26,8,2025-06-25,2025-07-25,AUD,Paid
27,6,2025-08-13,2025-09-12,CAD,Paid
28,47,2025-05-25,2025-06-24,AUD,Open
29,102,2025-06-21,2025-07-21,AUD,Overdue
30,37,2025-12-03,2026-01-02,EUR,PartiallyPaid
31,11,2025-03-14,2025-04-13,AUD,Overdue
32,17,2025-02-13,2025-03-15,GBP,Paid
33,86,2025-12-17,2026-01-16,AUD,Overdue
34,66,2025-07-05,2025-08-04,GBP,Overdue
35,25,2025-03-12,2025-04-11,USD,Open
36,85,2025-11-13,2025-12-13,EUR,Paid
37,107,2025-11-16,2025-12-16,JPY,Open
38,53,2025-05-02,2025-06-01,AUD,Overdue
39,30,2025-06-08,2025-07-08,EUR,PartiallyPaid
40,87,2025-08-14,2025-09-13,JPY,Overdue
41,21,2025-11-06,2025-12-06,AUD,Overdue
42,112,2025-02-22,2025-03-24,USD,PartiallyPaid
43,11,2025-05-20,2025-06-19,JPY,Open
44,117,2025-08-19,2025-09-18,JPY,Open
45,51,2025-05-01,2025-05-31,EUR,Open
46,41,2025-11-29,2025-12-29,USD,PartiallyPaid
47,118,2025-12-23,2026-01-22,JPY,Overdue
48,999048,,,EUR,Paid
49,71,2025-11-08,2025-12-08,GBP,Paid
50,39,2025-05-03,2025-06-02,JPY,Open
51,15,2027-01-20,2027-02-19,CAD,Paid
52,92,,,GBP,Paid
53,74,2025-12-07,2026-01-06,GBP,Open
54,68,2025-09-17,2025-10-17,JPY,Open
55,82,2026-09-28,2026-10-28,GBP,Paid
56,94,2025-02-23,2025-03-25,GBP,Paid
57,6,2025-06-23,2025-07-23,AUD,Overdue
58,90,2025-04-04,2025-05-04,JPY,Open
59,38,2025-04-13,2025-05-13,GBP,Overdue
60,105,2025-05-10,2025-06-09,GBP,PartiallyPaid
61,111,2025-12-02,2026-01-01,GBP,Overdue
62,114,2025-08-14,2025-09-13,EUR,Overdue
63,89,2025-09-23,2025-10-23,JPY,Open
64,56,2025-04-03,2025-05-03,USD,PartiallyPaid
65,85,2025-08-17,2025-09-16,AUD,Overdue
66,45,2025-06-30,2025-07-30,AUD,Open
67,10,2025-07-27,2025-08-26,AUD,Paid
68,4,2025-11-08,2025-12-08,EUR,Open
69,31,2025-07-07,2025-08-06,USD,Paid
70,87,2025-07-09,2025-08-08,CAD,Paid
71,68,2025-06-10,2025-07-10,USD,Open
72,95,2025-09-23,2025-10-23,GBP,PartiallyPaid
73,91,2025-11-10,2025-12-10,JPY,Paid
74,16,2025-02-07,2025-03-09,JPY,Open
75,104,2025-06-13,2025-07-13,CAD,PartiallyPaid
76,115,2025-03-22,2025-04-21,AUD,Paid
77,102,2025-04-25,2025-05-25,EUR,Paid
78,102,2025-07-04,2025-08-03,CAD,Paid
79,79,2025-02-03,2025-03-05,AUD,Overdue
80,68,2025-07-29,2025-08-28,GBP,Open
81,58,2025-09-22,2025-10-22,CAD,Paid
82,99,2025-08-10,2025-09-09,USD,Paid
83,39,2025-06-15,2025-07-15,CAD,PartiallyPaid
84,109,2025-04-11,2025-05-11,EUR,PartiallyPaid
85,79,2025-09-15,2025-10-15,CAD,Paid
86,22,2025-11-06,2025-12-06,USD,Open
87,11,2025-11-25,2025-12-25,EUR,Overdue
88,80,2025-09-12,2025-10-12,AUD,PartiallyPaid
89,62,2025-12-17,2026-01-16,AUD,Open
90,21,2025-09-05,2025-10-05,EUR,PartiallyPaid
91,111,2025-06-26,2025-07-26,GBP,Open
92,41,2025-03-04,2025-04-03,USD,Open
93,38,2025-11-12,2025-12-12,EUR,PartiallyPaid
94,120,2025-06-10,2025-07-10,CAD,Overdue
95,64,,,JPY,Overdue
96,31,2025-06-30,2025-07-30,CAD,Overdue
97,37,2025-02-25,2025-03-27,AUD,PartiallyPaid
98,98,2025-01-24,2025-02-23,EUR,PartiallyPaid
99,71,2025-07-17,2025-08-16,GBP,Open
100,17,2025-07-21,2025-08-20,CAD,PartiallyPaid
101,97,2025-11-05,2025-12-05,USD,Open
102,18,2025-08-31,2025-09-30,CAD,Paid
103,42,2025-06-13,2025-07-13,AUD,PartiallyPaid
104,76,2025-09-18,2025-10-18,GBP,Overdue
105,999105,2025-06-19,2025-07-19,CAD,PartiallyPaid
106,102,2025-12-19,2026-01-18,GBP,Paid
107,93,2025-09-03,2025-10-03,CAD,Overdue
108,19,2025-05-05,2025-06-04,USD,Paid
109,3,2025-08-03,2025-09-02,JPY,Overdue
110,112,2025-02-01,2025-03-03,CAD,PartiallyPaid
111,85,2025-07-12,2025-08-11,CAD,PartiallyPaid
112,70,2025-12-15,2026-01-14,CAD,Overdue
113,25,2025-05-23,2025-06-22,GBP,PartiallyPaid
114,91,2025-12-27,2026-01-26,CAD,PartiallyPaid
115,37,2025-12-13,2026-01-12,JPY,PartiallyPaid
116,99,2025-05-29,2025-06-28,USD,PartiallyPaid
117,119,2025-05-12,2025-06-11,CAD,PartiallyPaid
118,120,2025-05-20,2025-06-19,CAD,Paid
119,32,2025-09-29,2025-10-29,USD,Overdue
120,43,2025-02-21,2025-03-23,CAD,Paid
121,53,2025-09-01,2025-10-01,GBP,PartiallyPaid
122,37,2025-02-15,2025-03-17,AUD,Open
123,117,2025-08-02,2025-09-01,USD,Overdue
124,101,2027-02-03,2027-03-05,CAD,Open
125,119,2025-05-26,2025-06-25,CAD,Overdue
126,114,2025-09-16,2025-10-16,USD,PartiallyPaid
127,21,2025-11-28,2025-12-28,AUD,PartiallyPaid
128,102,2025-12-12,2026-01-11,AUD,Overdue
129,106,2025-06-17,2025-07-17,EUR,Paid
130,62,,,JPY,Paid
131,58,2025-06-18,2025-07-18,USD,PartiallyPaid
132,84,2025-05-01,2025-05-31,GBP,Paid
133,52,2025-12-27,2026-01-26,AUD,PartiallyPaid
134,48,2025-04-23,2025-05-23,JPY,PartiallyPaid
135,54,2025-08-30,2025-09-29,EUR,Paid
136,88,2025-02-11,2025-03-13,GBP,Open
137,118,2025-02-01,2025-03-03,EUR,Paid
138,22,2025-09-24,2025-10-24,AUD,Overdue
139,12,2025-08-17,2025-09-16,CAD,Overdue
140,59,2025-10-14,2025-11-13,AUD,Open
141,51,2025-01-02,2025-02-01,USD,Overdue
142,45,2025-10-05,2025-11-04,USD,Overdue
143,5,2025-04-03,2025-05-03,AUD,Overdue
144,48,2025-07-15,2025-08-14,JPY,Overdue
145,11,2025-12-05,2026-01-04,GBP,Open
146,23,2025-07-21,2025-08-20,EUR,Open
147,999147,2025-06-02,2025-07-02,JPY,Overdue
148,106,2025-08-24,2025-09-23,AUD,Open
149,5,2025-08-03,2025-09-02,USD,Paid
150,27,2025-11-01,2025-12-01,AUD,Open
151,32,2025-07-25,2025-08-24,USD,Paid
152,65,2025-04-30,2025-05-30,GBP,PartiallyPaid
153,31,2025-03-15,2025-04-14,JPY,PartiallyPaid
154,36,2025-10-30,2025-11-29,AUD,Overdue
155,72,2025-06-26,2025-07-26,CAD,PartiallyPaid
156,90,2025-03-18,2025-04-17,CAD,Overdue
157,31,2025-06-03,2025-07-03,JPY,Open
158,72,2025-08-02,2025-09-01,EUR,PartiallyPaid
159,27,2025-02-10,2025-03-12,USD,Paid
160,7,2025-12-11,2026-01-10,USD,Paid
161,103,2025-12-10,2026-01-09,GBP,PartiallyPaid
162,999162,2025-04-08,2025-05-08,JPY,Paid
163,90,2025-04-15,2025-05-15,GBP,PartiallyPaid
164,49,2025-11-29,2025-12-29,CAD,Overdue
165,60,2025-08-29,2025-09-28,EUR,PartiallyPaid
166,41,2025-10-16,2025-11-15,USD,PartiallyPaid
167,71,2025-10-24,2025-11-23,EUR,PartiallyPaid
168,30,2025-05-06,2025-06-05,AUD,PartiallyPaid
169,33,2025-09-08,2025-10-08,JPY,Overdue
170,22,2025-06-30,2025-07-30,JPY,Paid
171,118,2025-11-25,2025-12-25,USD,Open
172,999172,2025-03-12,2025-04-11,AUD,Paid
173,2,2025-08-22,2025-09-21,AUD,Overdue
174,85,2025-01-04,2025-02-03,USD,PartiallyPaid
175,69,2025-01-09,2025-02-08,JPY,Paid
176,14,2025-09-26,2025-10-26,CAD,PartiallyPaid
177,105,2025-07-23,2025-08-22,JPY,Paid
178,90,2025-12-17,2026-01-16,AUD,Open
179,12,2025-07-13,2025-08-12,USD,Paid
180,11,2025-08-11,2025-09-10,USD,Open
181,30,2025-12-21,2026-01-20,USD,Open
182,88,2025-10-06,2025-11-05,GBP,Open
183,27,2025-12-31,2026-01-30,GBP,Paid
184,73,2025-07-19,2025-08-18,JPY,Paid
185,102,2025-02-10,2025-03-12,USD,Open
186,56,2025-02-08,2025-03-10,CAD,Overdue
187,100,2025-11-21,2025-12-21,JPY,Paid
188,46,2025-07-12,2025-08-11,AUD,Overdue
189,11,2025-06-01,2025-07-01,USD,PartiallyPaid
190,20,2025-11-21,2025-12-21,GBP,Open
191,999191,2025-06-07,2025-07-07,USD,Paid
192,12,2025-08-18,2025-09-17,USD,Open
193,12,2025-02-17,2025-03-19,JPY,Open
194,38,2025-02-13,2025-03-15,EUR,Paid
195,88,2025-03-13,2025-04-12,EUR,Open
196,22,2025-08-04,2025-09-03,GBP,PartiallyPaid
197,32,2025-09-11,2025-10-11,USD,Paid
198,999198,2025-07-22,2025-08-21,GBP,Overdue
199,43,2025-11-30,2025-12-30,GBP,Paid
200,62,2025-07-23,2025-08-22,AUD,Overdue
201,74,2025-06-16,2025-07-16,JPY,PartiallyPaid
202,15,2025-04-13,2025-05-13,AUD,Open
203,94,2025-12-29,2026-01-28,AUD,Open
204,105,2025-07-29,2025-08-28,GBP,Paid
205,33,2025-08-05,2025-09-04,CAD,Overdue
206,75,2025-09-17,2025-10-17,JPY,Open
207,102,2025-12-26,2026-01-25,AUD,Open
208,14,2025-12-03,2026-01-02,CAD,Open
209,73,2025-12-13,2026-01-12,GBP,Overdue
210,999210,2025-05-13,2025-06-12,CAD,Paid
211,58,2025-08-26,2025-09-25,CAD,Paid
212,45,2025-09-05,2025-10-05,USD,Open
213,107,2025-03-14,2025-04-13,EUR,Overdue
214,45,2025-08-13,2025-09-12,USD,PartiallyPaid
215,6,,,GBP,Open
216,87,2025-05-05,2025-06-04,GBP,Overdue
217,60,2025-07-27,2025-08-26,AUD,Overdue
218,999218,2025-11-11,2025-12-11,JPY,Overdue
219,1,2025-04-16,2025-05-16,USD,Open
220,103,2025-04-06,2025-05-06,USD,PartiallyPaid
221,86,2025-09-28,2025-10-28,JPY,Overdue
222,76,2025-06-30,2025-07-30,AUD,PartiallyPaid
223,118,2025-02-13,2025-03-15,EUR,PartiallyPaid
224,15,2025-12-22,2026-01-21,CAD,Paid
225,74,2025-04-06,2025-05-06,AUD,Paid
226,72,2025-05-28,2025-06-27,JPY,Open
227,111,2025-01-05,2025-02-04,JPY,Overdue
228,53,2025-08-01,2025-08-31,EUR,Open
229,73,2025-04-23,2025-05-23,CAD,PartiallyPaid
230,22,2025-10-17,2025-11-16,CAD,Open
231,74,2025-10-06,2025-11-05,USD,Overdue
232,70,2025-08-06,2025-09-05,EUR,PartiallyPaid
233,112,2025-08-19,2025-09-18,USD,Overdue
234,111,2025-05-02,2025-06-01,AUD,PartiallyPaid
235,111,2025-11-20,2025-12-20,EUR,Paid
236,104,2025-06-29,2025-07-29,EUR,PartiallyPaid
237,91,2025-10-21,2025-11-20,AUD,Open
238,18,2025-07-30,2025-08-29,AUD,Paid
239,90,2025-05-08,2025-06-07,EUR,Overdue
240,63,2025-11-20,2025-12-20,JPY,Open
241,82,2025-02-17,2025-03-19,AUD,PartiallyPaid
242,59,2025-06-17,2025-07-17,AUD,Open
243,94,2025-11-22,2025-12-22,USD,Overdue
244,28,2025-04-19,2025-05-19,GBP,PartiallyPaid
245,71,2025-10-17,2025-11-16,AUD,Open
246,6,,,EUR,Overdue
247,999247,2025-08-08,2025-09-07,EUR,PartiallyPaid
248,21,2025-05-21,2025-06-20,USD,PartiallyPaid
249,86,2025-03-26,2025-04-25,AUD,Paid
250,55,2025-12-27,2026-01-26,USD,Paid
251,76,2026-12-07,2027-01-06,USD,Overdue
252,89,2025-02-06,2025-03-08,USD,Open
253,41,2025-06-03,2025-07-03,EUR,Paid
254,9,2025-01-05,2025-02-04,GBP,Paid
255,81,2025-07-30,2025-08-29,EUR,Open
256,115,2025-03-05,2025-04-04,JPY,PartiallyPaid
257,102,2025-05-22,2025-06-21,CAD,PartiallyPaid
258,100,2025-01-14,2025-02-13,GBP,Paid
259,67,2025-04-07,2025-05-07,USD,Paid
260,64,2025-05-04,2025-06-03,CAD,Open
261,47,2025-03-09,2025-04-08,JPY,PartiallyPaid
262,70,2025-08-30,2025-09-29,USD,Open
263,2,2025-01-21,2025-02-20,JPY,PartiallyPaid
264,81,2025-08-01,2025-08-31,AUD,Paid
265,36,2025-02-10,2025-03-12,EUR,PartiallyPaid
266,51,2025-11-29,2025-12-29,AUD,Overdue
267,94,2025-05-03,2025-06-02,JPY,Open
268,59,2025-01-29,2025-02-28,AUD,Paid
269,999269,2025-03-12,2025-04-11,GBP,PartiallyPaid
270,22,2025-05-18,2025-06-17,USD,PartiallyPaid
271,104,2025-09-26,2025-10-26,CAD,Open
272,64,2025-07-04,2025-08-03,EUR,PartiallyPaid
273,21,2025-02-22,2025-03-24,USD,Paid
274,95,2026-09-22,2026-10-22,JPY,PartiallyPaid
275,50,2025-04-02,2025-05-02,CAD,Overdue
276,29,2025-08-02,2025-09-01,USD,PartiallyPaid
277,16,2025-01-27,2025-02-26,USD,Overdue
278,9,2025-05-25,2025-06-24,USD,Overdue
279,2,2025-05-30,2025-06-29,CAD,Paid
280,60,2025-09-10,2025-10-10,AUD,Paid
281,999281,,,CAD,PartiallyPaid
282,82,2027-02-26,2027-03-28,JPY,PartiallyPaid
283,14,2025-05-02,2025-06-01,EUR,PartiallyPaid
284,12,2025-04-29,2025-05-29,AUD,PartiallyPaid
285,59,2025-02-13,2025-03-15,AUD,Overdue
286,10,2025-02-01,2025-03-03,EUR,PartiallyPaid
287,34,2025-07-21,2025-08-20,GBP,Overdue
288,35,2025-04-14,2025-05-14,USD,Paid
289,14,2025-08-27,2025-09-26,GBP,Paid
290,58,2025-05-16,2025-06-15,AUD,PartiallyPaid
291,106,2025-11-05,2025-12-05,GBP,Paid
292,12,2025-07-02,2025-08-01,GBP,PartiallyPaid
293,105,2025-01-16,2025-02-15,CAD,Paid
294,13,2025-03-13,2025-04-12,EUR,Paid
295,26,2025-07-10,2025-08-09,USD,PartiallyPaid
296,118,2025-01-12,2025-02-11,AUD,Overdue
297,104,2025-06-19,2025-07-19,USD,Paid
298,119,2025-07-22,2025-08-21,JPY,Paid
299,46,2025-04-06,2025-05-06,EUR,Open
300,79,2025-05-06,2025-06-05,CAD,Overdue
301,8,2025-07-16,2025-08-15,CAD,Paid
302,81,2025-10-06,2025-11-05,AUD,PartiallyPaid
303,62,2025-09-06,2025-10-06,GBP,Overdue
304,35,2025-06-13,2025-07-13,GBP,Open
305,104,2025-09-29,2025-10-29,EUR,Paid
306,13,2025-05-04,2025-06-03,AUD,Open
307,98,2025-04-23,2025-05-23,JPY,PartiallyPaid
308,120,2025-03-30,2025-04-29,AUD,PartiallyPaid
309,117,2025-12-27,2026-01-26,CAD,Paid
310,73,2025-09-10,2025-10-10,USD,Open
311,8,,,JPY,Open
312,43,2025-04-14,2025-05-14,EUR,PartiallyPaid
313,999313,2025-10-28,2025-11-27,USD,PartiallyPaid
314,10,2025-12-06,2026-01-05,GBP,PartiallyPaid
315,18,2025-08-12,2025-09-11,AUD,PartiallyPaid
316,23,2025-10-15,2025-11-14,GBP,Paid
317,86,2025-03-31,2025-04-30,GBP,Paid
318,23,2025-12-26,2026-01-25,CAD,Open
319,24,2025-11-10,2025-12-10,JPY,Paid
320,43,2025-05-02,2025-06-01,AUD,Open
321,106,2025-11-24,2025-12-24,USD,PartiallyPaid
322,27,2025-02-04,2025-03-06,AUD,Open
323,7,2025-08-03,2025-09-02,JPY,Overdue
324,45,2025-02-21,2025-03-23,CAD,Paid
325,21,2025-01-18,2025-02-17,USD,Open
326,44,2025-07-12,2025-08-11,USD,PartiallyPaid
327,77,2025-09-05,2025-10-05,AUD,Paid
328,78,2025-03-22,2025-04-21,EUR,Overdue
329,90,2025-10-04,2025-11-03,EUR,Open
330,7,2025-10-09,2025-11-08,GBP,Open
331,55,2025-12-05,2026-01-04,USD,Open
332,27,2025-05-30,2025-06-29,USD,PartiallyPaid
333,101,2025-09-08,2025-10-08,AUD,Overdue
334,24,2025-07-15,2025-08-14,GBP,Overdue
335,60,2025-05-18,2025-06-17,AUD,Open
336,11,2025-10-05,2025-11-04,EUR,Open
337,108,2025-09-25,2025-10-25,JPY,Paid
338,61,2025-07-22,2025-08-21,CAD,Paid
339,16,2025-08-18,2025-09-17,EUR,Paid
340,17,2025-02-10,2025-03-12,AUD,Paid
341,107,2025-06-13,2025-07-13,USD,Open
342,50,2025-10-10,2025-11-09,JPY,Open
343,101,2025-10-28,2025-11-27,JPY,Paid
344,19,2025-10-26,2025-11-25,USD,Open
345,101,2025-10-02,2025-11-01,GBP,Overdue
346,84,2025-11-08,2025-12-08,JPY,Paid
347,80,2025-12-22,2026-01-21,GBP,Paid
348,7,2025-05-18,2025-06-17,GBP,PartiallyPaid
349,36,2025-12-23,2026-01-22,EUR,Paid
350,39,2025-08-15,2025-09-14,AUD,Overdue
351,78,2025-04-07,2025-05-07,JPY,Overdue
352,98,2025-07-11,2025-08-10,EUR,Open
353,40,2025-07-26,2025-08-25,CAD,Open
354,23,2025-04-13,2025-05-13,JPY,Open
355,118,2025-04-12,2025-05-12,CAD,Overdue
356,82,2025-12-15,2026-01-14,CAD,Overdue
357,23,2025-08-31,2025-09-30,EUR,PartiallyPaid
358,96,2025-02-16,2025-03-18,EUR,Paid
359,110,2025-04-26,2025-05-26,JPY,Open
360,111,,,EUR,Paid
361,77,2025-04-25,2025-05-25,GBP,PartiallyPaid
362,55,2025-06-28,2025-07-28,GBP,Overdue
363,75,2025-09-19,2025-10-19,GBP,PartiallyPaid
364,39,2025-09-04,2025-10-04,AUD,PartiallyPaid
365,111,2025-12-02,2026-01-01,GBP,Paid
366,20,2025-05-04,2025-06-03,CAD,Overdue
367,85,2025-03-13,2025-04-12,GBP,PartiallyPaid
368,117,2025-07-18,2025-08-17,CAD,Paid
369,44,2025-04-24,2025-05-24,JPY,PartiallyPaid
370,65,2025-03-29,2025-04-28,EUR,PartiallyPaid
371,13,2025-05-13,2025-06-12,EUR,PartiallyPaid
372,84,2025-07-01,2025-07-31,JPY,PartiallyPaid
373,48,2025-05-31,2025-06-30,USD,Open
374,61,2025-09-14,2025-10-14,CAD,PartiallyPaid
375,53,2025-03-19,2025-04-18,JPY,Overdue
376,19,2025-04-03,2025-05-03,AUD,Paid
377,41,2025-01-03,2025-02-02,EUR,Paid
378,63,2025-02-15,2025-03-17,JPY,Overdue
379,55,,,CAD,Paid
380,94,2025-01-08,2025-02-07,CAD,Paid
381,3,2025-11-17,2025-12-17,GBP,PartiallyPaid
382,17,2025-09-15,2025-10-15,USD,PartiallyPaid
383,38,2025-09-24,2025-10-24,AUD,Paid
384,44,2025-09-08,2025-10-08,JPY,Open
385,30,2025-03-09,2025-04-08,CAD,Paid
386,16,2025-11-30,2025-12-30,AUD,PartiallyPaid
387,99,2025-01-25,2025-02-24,USD,Open
388,7,2025-08-02,2025-09-01,GBP,Overdue
389,90,2026-12-27,2027-01-26,AUD,Open
390,85,2025-11-15,2025-12-15,USD,Open
391,37,2025-02-24,2025-03-26,GBP,Paid
392,46,2025-06-01,2025-07-01,EUR,Overdue
393,43,2025-01-07,2025-02-06,CAD,Overdue
394,20,2025-09-19,2025-10-19,GBP,Paid
395,59,2025-06-01,2025-07-01,EUR,Open
396,110,2025-12-13,2026-01-12,USD,Open
397,2,2025-12-06,2026-01-05,JPY,PartiallyPaid
398,113,2025-07-10,2025-08-09,JPY,Overdue
399,59,2025-07-17,2025-08-16,JPY,Paid
400,15,2025-01-31,2025-03-02,USD,Overdue
401,117,2025-10-19,2025-11-18,JPY,PartiallyPaid
402,999402,2025-12-17,2026-01-16,EUR,Overdue
403,118,2025-07-30,2025-08-29,AUD,PartiallyPaid
404,2,2025-12-14,2026-01-13,AUD,Paid
405,86,2025-09-23,2025-10-23,USD,Overdue
406,85,2025-09-04,2025-10-04,JPY,Paid
407,108,2025-11-10,2025-12-10,EUR,Overdue
408,110,2025-03-26,2025-04-25,EUR,PartiallyPaid
409,36,2025-04-25,2025-05-25,EUR,Open
410,59,2025-10-21,2025-11-20,JPY,PartiallyPaid
411,16,,,JPY,Overdue
412,5,2025-01-01,2025-01-31,CAD,PartiallyPaid
413,114,2025-04-16,2025-05-16,GBP,PartiallyPaid
414,106,2025-04-25,2025-05-25,CAD,Overdue
415,92,2025-08-20,2025-09-19,EUR,Open
416,44,2025-11-21,2025-12-21,CAD,PartiallyPaid
417,90,2025-03-26,2025-04-25,AUD,Overdue
418,14,2025-04-11,2025-05-11,JPY,Paid
419,59,2025-04-08,2025-05-08,JPY,Open
420,119,2025-12-11,2026-01-10,JPY,Overdue
421,85,2025-09-16,2025-10-16,CAD,Open
422,71,2025-10-27,2025-11-26,EUR,Paid
423,94,2025-02-23,2025-03-25,GBP,Overdue
424,54,2025-12-21,2026-01-20,GBP,PartiallyPaid
425,58,2025-03-12,2025-04-11,AUD,PartiallyPaid
426,108,2025-06-10,2025-07-10,AUD,Paid
427,26,2025-05-29,2025-06-28,EUR,Paid
428,65,2025-11-23,2025-12-23,GBP,Overdue
429,75,2025-12-08,2026-01-07,CAD,PartiallyPaid
430,113,2025-01-07,2025-02-06,EUR,Open
431,86,2025-05-17,2025-06-16,GBP,PartiallyPaid
432,19,2025-12-20,2026-01-19,CAD,Open
433,46,2025-02-22,2025-03-24,CAD,Paid
434,96,2025-07-19,2025-08-18,AUD,PartiallyPaid
435,89,2025-07-15,2025-08-14,AUD,PartiallyPaid
436,71,2025-05-09,2025-06-08,JPY,Paid
437,117,2025-12-30,2026-01-29,CAD,Paid
438,100,2025-04-10,2025-05-10,AUD,Open
439,24,2025-09-21,2025-10-21,GBP,PartiallyPaid
440,17,,,JPY,Paid
441,6,2025-06-15,2025-07-15,AUD,PartiallyPaid
442,63,2025-10-09,2025-11-08,GBP,Paid
443,24,2025-09-16,2025-10-16,JPY,Open
444,45,2025-04-20,2025-05-20,GBP,Paid
445,97,2025-09-01,2025-10-01,AUD,Open
446,15,2025-08-17,2025-09-16,CAD,Paid
447,6,2025-06-14,2025-07-14,USD,Overdue
448,33,,,CAD,PartiallyPaid
449,66,2025-08-17,2025-09-16,AUD,Paid
450,42,2025-02-19,2025-03-21,CAD,Open
451,81,2025-12-10,2026-01-09,AUD,Overdue
452,107,2025-10-03,2025-11-02,AUD,Overdue
453,83,2025-02-06,2025-03-08,JPY,PartiallyPaid
454,5,2025-01-28,2025-02-27,USD,Paid
455,117,2025-07-18,2025-08-17,GBP,Open
456,50,,,AUD,Open
457,97,2025-01-24,2025-02-23,CAD,Open
458,38,2025-06-04,2025-07-04,JPY,Overdue
459,51,2025-01-16,2025-02-15,EUR,Overdue
460,102,2025-10-07,2025-11-06,GBP,PartiallyPaid
461,2,2025-10-12,2025-11-11,CAD,Overdue
462,69,2025-02-13,2025-03-15,AUD,PartiallyPaid
463,28,2025-11-27,2025-12-27,EUR,Paid
464,79,2025-04-10,2025-05-10,CAD,Open
465,109,2025-10-09,2025-11-08,GBP,Open
466,33,2025-10-25,2025-11-24,EUR,Paid
467,13,2025-02-05,2025-03-07,JPY,PartiallyPaid
468,79,2025-12-22,2026-01-21,GBP,PartiallyPaid
469,55,2025-06-10,2025-07-10,AUD,Overdue
470,36,2025-03-10,2025-04-09,JPY,Overdue
471,58,2025-06-06,2025-07-06,AUD,Open
472,108,2025-03-13,2025-04-12,AUD,Open
473,94,2025-01-10,2025-02-09,CAD,Overdue
474,99,2025-01-19,2025-02-18,CAD,Overdue
475,84,2025-07-07,2025-08-06,CAD,PartiallyPaid
476,18,2025-09-19,2025-10-19,USD,Paid
477,109,2025-11-11,2025-12-11,EUR,Overdue
478,21,2025-10-17,2025-11-16,AUD,Overdue
479,46,2025-09-07,2025-10-07,EUR,Open
480,86,2025-07-04,2025-08-03,USD,Open
481,84,2025-12-27,2026-01-26,GBP,PartiallyPaid
482,75,2025-03-31,2025-04-30,CAD,Open
483,67,2025-04-25,2025-05-25,GBP,Overdue
484,102,,,EUR,Overdue
485,22,2025-09-21,2025-10-21,EUR,Paid
486,47,2025-03-02,2025-04-01,GBP,Open
487,62,2025-09-03,2025-10-03,JPY,Open
488,32,2025-10-21,2025-11-20,CAD,Open
489,115,2025-01-29,2025-02-28,CAD,Overdue
490,77,,,AUD,PartiallyPaid
491,11,2025-11-07,2025-12-07,EUR,Paid
492,107,2025-03-15,2025-04-14,EUR,PartiallyPaid
493,22,2025-06-25,2025-07-25,USD,Paid
494,49,,,CAD,Overdue
495,106,2025-02-19,2025-03-21,CAD,Open
496,113,2025-09-15,2025-10-15,AUD,Paid
497,116,2025-01-01,2025-01-31,AUD,Overdue
498,67,2025-01-23,2025-02-22,JPY,Overdue
499,45,2025-12-23,2026-01-22,GBP,Overdue
500,99,2025-02-12,2025-03-14,JPY,PartiallyPaid
501,999501,2025-01-04,2025-02-03,USD,Overdue
502,84,2025-06-11,2025-07-11,JPY,PartiallyPaid
503,34,2025-08-05,2025-09-04,AUD,Overdue
504,97,2025-10-10,2025-11-09,GBP,Overdue
505,33,2025-10-23,2025-11-22,AUD,Paid
506,110,2025-03-02,2025-04-01,AUD,Paid
507,13,2025-07-25,2025-08-24,CAD,Open
508,21,,,USD,Paid
509,61,2025-08-11,2025-09-10,GBP,Open
510,78,2025-07-16,2025-08-15,AUD,PartiallyPaid
511,92,2025-01-30,2025-03-01,AUD,Overdue
512,999512,2025-12-03,2026-01-02,EUR,Open
513,101,2025-09-22,2025-10-22,AUD,Open
514,47,2025-01-01,2025-01-31,GBP,Overdue
515,46,2025-07-27,2025-08-26,AUD,Open
516,118,2025-05-26,2025-06-25,CAD,PartiallyPaid
517,45,2025-05-22,2025-06-21,JPY,Overdue
518,999518,2025-03-31,2025-04-30,USD,PartiallyPaid
519,44,2025-09-20,2025-10-20,CAD,PartiallyPaid
520,89,2025-07-13,2025-08-12,GBP,Overdue
521,88,2025-10-28,2025-11-27,GBP,Open
522,49,2025-04-23,2025-05-23,GBP,Overdue
523,46,2025-01-05,2025-02-04,GBP,Open
524,52,2025-06-25,2025-07-25,JPY,PartiallyPaid
525,46,2025-10-21,2025-11-20,AUD,Paid
526,64,2025-05-01,2025-05-31,EUR,Paid
527,26,2025-11-13,2025-12-13,USD,Open
528,87,2025-09-10,2025-10-10,CAD,Open
529,109,2025-11-14,2025-12-14,CAD,PartiallyPaid
530,63,2025-09-19,2025-10-19,CAD,Paid
531,7,2025-08-05,2025-09-04,CAD,PartiallyPaid
532,51,2025-03-31,2025-04-30,CAD,Overdue
533,41,2025-01-07,2025-02-06,USD,PartiallyPaid
534,47,2025-05-13,2025-06-12,GBP,Overdue
535,79,2025-04-05,2025-05-05,AUD,PartiallyPaid
536,47,2025-05-24,2025-06-23,CAD,Paid
537,105,2025-05-19,2025-06-18,JPY,Paid
538,19,2026-12-27,2027-01-26,JPY,Paid
539,115,2025-09-22,2025-10-22,JPY,PartiallyPaid
540,33,2025-10-18,2025-11-17,EUR,Open
541,28,2025-09-01,2025-10-01,AUD,PartiallyPaid
542,34,2025-10-14,2025-11-13,GBP,Open
543,53,2025-12-14,2026-01-13,CAD,Paid
544,100,2025-06-16,2025-07-16,AUD,Overdue
545,114,2025-11-11,2025-12-11,EUR,Paid
546,82,2025-06-22,2025-07-22,JPY,Open
547,11,2025-04-27,2025-05-27,AUD,PartiallyPaid
548,78,2025-05-19,2025-06-18,GBP,Overdue
549,53,2025-01-12,2025-02-11,GBP,Open
550,27,2025-02-22,2025-03-24,JPY,Open
551,4,2025-09-26,2025-10-26,GBP,Paid
552,11,2025-07-19,2025-08-18,GBP,Overdue
553,81,2025-09-27,2025-10-27,AUD,PartiallyPaid
554,111,2025-09-01,2025-10-01,GBP,Overdue
555,18,2025-12-24,2026-01-23,JPY,Overdue
556,68,2025-10-01,2025-10-31,CAD,Paid
557,104,2025-06-07,2025-07-07,GBP,Open
558,1,2025-03-11,2025-04-10,USD,Overdue
559,97,2025-01-05,2025-02-04,CAD,Paid
560,999560,2025-07-11,2025-08-10,JPY,Overdue
561,32,2025-11-27,2025-12-27,GBP,Open
562,55,2025-09-22,2025-10-22,AUD,PartiallyPaid
563,37,2025-09-30,2025-10-30,USD,Paid
564,18,2025-11-23,2025-12-23,AUD,Overdue
565,25,2025-03-19,2025-04-18,EUR,Open
566,37,2025-08-13,2025-09-12,EUR,Open
567,64,2025-08-04,2025-09-03,GBP,Overdue
568,90,2025-06-19,2025-07-19,EUR,Open
569,35,2025-02-06,2025-03-08,GBP,Overdue
570,999570,2025-05-08,2025-06-07,EUR,Open
571,26,2025-02-18,2025-03-20,JPY,Overdue
572,88,2025-06-15,2025-07-15,AUD,Open
573,33,2025-06-02,2025-07-02,AUD,Paid
574,15,2025-08-11,2025-09-10,GBP,Open
575,51,2025-01-05,2025-02-04,AUD,Overdue
576,89,2025-07-10,2025-08-09,JPY,Open
577,88,2025-11-17,2025-12-17,EUR,Open
578,17,2025-06-12,2025-07-12,GBP,Overdue
579,94,2025-12-19,2026-01-18,GBP,Open
580,63,2025-10-14,2025-11-13,EUR,Paid
581,70,2025-08-28,2025-09-27,CAD,Paid
582,9,2025-08-19,2025-09-18,GBP,Overdue
583,1,2025-09-17,2025-10-17,USD,PartiallyPaid
584,100,2025-06-14,2025-07-14,CAD,Overdue
585,25,2025-09-12,2025-10-12,GBP,PartiallyPaid
586,53,2025-02-26,2025-03-28,USD,Paid
587,23,2025-04-14,2025-05-14,USD,Overdue
588,85,2025-11-16,2025-12-16,GBP,Paid
589,78,2025-01-07,2025-02-06,JPY,Open
590,60,2025-02-01,2025-03-03,JPY,PartiallyPaid
591,102,2025-11-12,2025-12-12,USD,PartiallyPaid
592,10,2025-09-23,2025-10-23,CAD,Overdue
593,25,2025-12-03,2026-01-02,EUR,Overdue
594,96,2025-11-23,2025-12-23,AUD,Overdue
595,114,2025-04-03,2025-05-03,AUD,Paid
596,69,2025-08-15,2025-09-14,CAD,PartiallyPaid
597,109,2025-11-21,2025-12-21,CAD,Paid
598,73,2025-07-12,2025-08-11,GBP,PartiallyPaid
599,58,,,USD,PartiallyPaid
600,999600,2025-03-11,2025-04-10,GBP,Paid
601,28,2025-01-12,2025-02-11,GBP,Paid
602,13,2025-07-02,2025-08-01,CAD,Paid
603,30,2025-06-03,2025-07-03,EUR,Open
604,93,2025-09-05,2025-10-05,AUD,Open
605,77,2025-01-20,2025-02-19,USD,Open
606,118,2025-06-28,2025-07-28,USD,Paid
607,96,2025-11-05,2025-12-05,AUD,Overdue
608,7,2025-01-22,2025-02-21,GBP,Paid
609,20,2025-07-21,2025-08-20,CAD,Open
610,29,2025-07-21,2025-08-20,JPY,Open
611,71,2025-02-13,2025-03-15,AUD,Paid
612,98,2025-10-14,2025-11-13,CAD,Paid
613,72,2025-09-26,2025-10-26,JPY,PartiallyPaid
614,88,2025-02-15,2025-03-17,GBP,PartiallyPaid
615,25,2025-11-01,2025-12-01,EUR,PartiallyPaid
616,79,2025-08-15,2025-09-14,EUR,Paid
617,88,2025-02-13,2025-03-15,CAD,Paid
618,112,,,AUD,Open
619,40,2025-01-12,2025-02-11,EUR,Paid
620,70,2025-05-13,2025-06-12,EUR,Open
621,49,2025-12-06,2026-01-05,USD,PartiallyPaid
622,26,2025-11-13,2025-12-13,USD,Open
623,50,2025-12-06,2026-01-05,USD,Open
624,38,2025-11-29,2025-12-29,CAD,Open
625,116,2025-11-02,2025-12-02,CAD,Overdue
626,72,2025-01-12,2025-02-11,GBP,PartiallyPaid
627,63,,,AUD,PartiallyPaid
628,46,2025-05-01,2025-05-31,GBP,Open
629,81,2025-07-18,2025-08-17,USD,PartiallyPaid
630,29,2025-07-21,2025-08-20,JPY,Paid
631,54,2025-03-20,2025-04-19,CAD,PartiallyPaid
632,58,2025-04-16,2025-05-16,AUD,Paid
633,111,2025-12-19,2026-01-18,EUR,Overdue
634,117,2025-03-16,2025-04-15,EUR,PartiallyPaid
635,9,2025-03-02,2025-04-01,EUR,Open
636,98,2025-07-31,2025-08-30,AUD,PartiallyPaid
637,20,2025-02-24,2025-03-26,CAD,PartiallyPaid
638,78,2025-04-29,2025-05-29,USD,PartiallyPaid
639,11,2025-09-02,2025-10-02,JPY,PartiallyPaid
640,24,2025-09-09,2025-10-09,EUR,Open
641,53,2025-01-08,2025-02-07,EUR,Paid
642,97,2025-04-01,2025-05-01,CAD,Overdue
643,89,2025-08-23,2025-09-22,USD,Overdue
644,93,2025-11-10,2025-12-10,CAD,Open
645,67,2025-08-22,2025-09-21,EUR,Overdue
646,95,2025-07-18,2025-08-17,USD,Paid
647,38,2025-06-05,2025-07-05,EUR,Overdue
648,38,2025-01-28,2025-02-27,JPY,Overdue
649,12,2025-02-27,2025-03-29,AUD,Paid
650,51,,,JPY,Paid
651,113,2025-05-09,2025-06-08,AUD,Paid
652,92,2025-02-16,2025-03-18,GBP,Open
653,68,2025-09-19,2025-10-19,CAD,Overdue
654,6,2025-06-21,2025-07-21,EUR,Paid
655,112,2025-12-31,2026-01-30,AUD,Overdue
656,37,2025-03-02,2025-04-01,USD,PartiallyPaid
657,2,2027-01-15,2027-02-14,EUR,Paid
658,76,2025-08-21,2025-09-20,CAD,Open
659,32,2025-05-23,2025-06-22,EUR,Open
660,24,2025-12-01,2025-12-31,USD,PartiallyPaid
661,43,2025-01-26,2025-02-25,EUR,PartiallyPaid
662,79,2025-12-25,2026-01-24,EUR,Overdue
663,96,2025-01-19,2025-02-18,GBP,Overdue
664,105,2025-08-07,2025-09-06,JPY,Paid
665,16,2025-05-21,2025-06-20,EUR,Paid
666,79,2025-10-20,2025-11-19,USD,Overdue
667,93,2025-12-28,2026-01-27,GBP,PartiallyPaid
668,68,2025-11-16,2025-12-16,CAD,Overdue
669,67,2025-09-12,2025-10-12,CAD,Paid
670,91,,,USD,Overdue
671,81,2025-04-17,2025-05-17,JPY,Open
672,43,2025-11-23,2025-12-23,AUD,PartiallyPaid
673,33,2025-06-07,2025-07-07,USD,Open
674,88,2025-07-22,2025-08-21,USD,Paid
675,25,2025-06-23,2025-07-23,JPY,Open
676,83,2025-03-21,2025-04-20,CAD,PartiallyPaid
677,60,2025-07-31,2025-08-30,CAD,PartiallyPaid
678,73,2027-02-05,2027-03-07,AUD,PartiallyPaid
679,103,2025-07-01,2025-07-31,USD,PartiallyPaid
680,49,2025-03-26,2025-04-25,CAD,Open
681,111,2025-06-07,2025-07-07,USD,PartiallyPaid
682,53,2025-05-02,2025-06-01,GBP,Paid
683,68,2025-02-27,2025-03-29,EUR,Open
684,57,2025-09-05,2025-10-05,GBP,Overdue
685,94,2025-06-08,2025-07-08,USD,Paid
686,27,2025-08-24,2025-09-23,USD,Open
687,40,2025-12-18,2026-01-17,GBP,Overdue
688,114,2025-09-24,2025-10-24,USD,PartiallyPaid
689,82,2025-06-14,2025-07-14,CAD,PartiallyPaid
690,99,2025-03-02,2025-04-01,USD,Open
691,80,2025-02-22,2025-03-24,GBP,PartiallyPaid
692,19,2025-05-26,2025-06-25,GBP,PartiallyPaid
693,70,,,AUD,Open
694,14,2025-02-14,2025-03-16,CAD,Overdue
695,79,2025-06-20,2025-07-20,AUD,Open
696,119,2025-08-27,2025-09-26,AUD,Overdue
697,13,2025-12-17,2026-01-16,JPY,Paid
698,29,2025-11-12,2025-12-12,EUR,PartiallyPaid
699,101,2025-06-16,2025-07-16,JPY,Open
700,45,2025-03-29,2025-04-28,CAD,Paid
701,66,2025-02-24,2025-03-26,GBP,Overdue
702,52,2025-05-03,2025-06-02,JPY,Overdue
703,9,2025-12-22,2026-01-21,JPY,PartiallyPaid
704,70,2025-03-30,2025-04-29,AUD,Overdue
705,15,2025-08-26,2025-09-25,JPY,Paid
706,40,2025-02-05,2025-03-07,CAD,Overdue
707,42,2025-12-05,2026-01-04,EUR,Open
708,97,2025-03-18,2025-04-17,CAD,Overdue
709,26,2025-06-12,2025-07-12,AUD,PartiallyPaid
710,118,2025-08-11,2025-09-10,USD,Open
711,79,2025-07-26,2025-08-25,USD,PartiallyPaid
712,116,,,CAD,PartiallyPaid
713,15,2025-01-16,2025-02-15,JPY,PartiallyPaid
714,92,2025-07-15,2025-08-14,EUR,Overdue
715,18,2025-07-16,2025-08-15,JPY,Paid
716,37,2027-02-23,2027-03-25,USD,Paid
717,93,2025-12-03,2026-01-02,USD,Paid
718,83,2025-08-22,2025-09-21,JPY,Paid
719,59,2025-10-10,2025-11-09,EUR,Paid
720,55,2025-10-23,2025-11-22,AUD,PartiallyPaid
721,53,2025-10-23,2025-11-22,CAD,Overdue
722,91,2025-10-25,2025-11-24,EUR,PartiallyPaid
723,60,2025-09-25,2025-10-25,JPY,Open
724,88,2025-10-24,2025-11-23,GBP,Open
725,61,2025-08-29,2025-09-28,GBP,PartiallyPaid
726,38,2025-12-22,2026-01-21,AUD,PartiallyPaid
727,8,2025-10-24,2025-11-23,GBP,Open
728,37,2025-03-06,2025-04-05,GBP,PartiallyPaid
729,17,2026-10-09,2026-11-08,CAD,Paid
730,117,2025-03-19,2025-04-18,EUR,PartiallyPaid
731,101,2025-09-06,2025-10-06,USD,PartiallyPaid
732,11,2025-11-01,2025-12-01,JPY,Overdue
733,99,2025-12-05,2026-01-04,EUR,PartiallyPaid
734,7,2025-03-01,2025-03-31,JPY,PartiallyPaid
735,61,2025-09-30,2025-10-30,JPY,Overdue
736,34,,,JPY,Overdue
737,87,2025-09-29,2025-10-29,CAD,PartiallyPaid
738,109,2025-11-30,2025-12-30,GBP,Open
739,33,2025-07-20,2025-08-19,EUR,Paid
740,67,2025-12-20,2026-01-19,USD,Open
741,107,2025-07-30,2025-08-29,JPY,PartiallyPaid
742,29,2025-05-09,2025-06-08,USD,Open
743,77,2025-04-22,2025-05-22,AUD,Open
744,12,2025-03-08,2025-04-07,AUD,Paid
745,115,2025-04-05,2025-05-05,USD,Overdue
746,119,2025-08-07,2025-09-06,GBP,PartiallyPaid
747,21,2025-05-22,2025-06-21,GBP,Open
748,34,2025-05-16,2025-06-15,EUR,Overdue
749,23,2025-02-25,2025-03-27,EUR,Open
750,117,2025-05-13,2025-06-12,CAD,PartiallyPaid
751,100,2025-09-12,2025-10-12,USD,Overdue
752,35,2025-06-18,2025-07-18,CAD,Overdue
753,62,2027-01-12,2027-02-11,USD,PartiallyPaid
754,43,2025-07-25,2025-08-24,AUD,Open
755,47,2025-06-24,2025-07-24,GBP,Paid
756,23,2025-07-16,2025-08-15,JPY,Open
757,81,2025-09-07,2025-10-07,AUD,Paid
758,18,2025-01-13,2025-02-12,JPY,Overdue
759,9,2025-11-26,2025-12-26,JPY,Open
760,5,2025-06-22,2025-07-22,USD,Paid
761,104,2025-09-25,2025-10-25,CAD,Paid
762,95,2025-02-06,2025-03-08,AUD,Open
763,61,2025-11-13,2025-12-13,EUR,Open
764,23,2025-06-07,2025-07-07,CAD,Paid
765,107,2025-02-24,2025-03-26,CAD,Paid
766,9,2025-08-07,2025-09-06,AUD,Overdue
767,42,2025-12-17,2026-01-16,EUR,Open
768,76,2025-02-02,2025-03-04,JPY,Paid
769,90,2025-03-26,2025-04-25,USD,Paid
770,13,2025-11-20,2025-12-20,USD,Overdue
771,999771,2025-04-02,2025-05-02,CAD,PartiallyPaid
772,54,2025-09-01,2025-10-01,AUD,PartiallyPaid
773,67,2025-05-03,2025-06-02,USD,Paid
774,92,2025-02-15,2025-03-17,GBP,Overdue
775,1,2025-04-09,2025-05-09,USD,PartiallyPaid
776,111,2025-10-04,2025-11-03,AUD,Paid
777,36,2025-02-27,2025-03-29,JPY,Overdue
778,23,2025-01-23,2025-02-22,EUR,Overdue
779,33,2025-08-21,2025-09-20,CAD,Paid
780,21,2025-09-06,2025-10-06,EUR,Overdue
781,76,2025-08-03,2025-09-02,GBP,Paid
782,100,2025-04-27,2025-05-27,EUR,Overdue
783,115,2025-08-30,2025-09-29,JPY,Paid
784,28,2025-08-21,2025-09-20,JPY,Paid
785,81,2025-05-19,2025-06-18,AUD,Open
786,36,2025-08-27,2025-09-26,GBP,Paid
787,114,2025-03-22,2025-04-21,CAD,Paid
788,74,2025-04-28,2025-05-28,JPY,Paid
789,76,2025-08-25,2025-09-24,AUD,Paid
790,32,2025-10-24,2025-11-23,EUR,Open
791,54,2025-01-21,2025-02-20,CAD,Open
792,55,2025-09-03,2025-10-03,USD,Overdue
793,64,2025-10-13,2025-11-12,JPY,Paid
794,17,2025-05-03,2025-06-02,JPY,PartiallyPaid
795,21,2025-10-20,2025-11-19,JPY,Overdue
796,99,2025-12-27,2026-01-26,GBP,Overdue
797,91,2025-11-18,2025-12-18,GBP,Open
798,38,2025-05-19,2025-06-18,CAD,Paid
799,101,2025-11-14,2025-12-14,USD,PartiallyPaid
800,114,2025-07-16,2025-08-15,GBP,PartiallyPaid
801,23,2025-12-27,2026-01-26,EUR,Paid
802,43,2025-02-28,2025-03-30,CAD,Paid
803,97,2025-04-26,2025-05-26,CAD,Overdue
804,36,2025-07-10,2025-08-09,CAD,Open
805,61,2025-12-14,2026-01-13,JPY,PartiallyPaid
806,103,2025-12-21,2026-01-20,USD,Paid
807,115,2025-02-14,2025-03-16,GBP,Open
808,14,2025-02-27,2025-03-29,EUR,Open
809,38,2025-12-16,2026-01-15,GBP,Overdue
810,57,2025-01-11,2025-02-10,EUR,PartiallyPaid
811,53,2025-12-02,2026-01-01,CAD,Overdue
812,59,2025-03-09,2025-04-08,GBP,Paid
813,62,2025-05-28,2025-06-27,GBP,PartiallyPaid
814,59,2025-11-13,2025-12-13,GBP,Paid
815,23,2025-12-21,2026-01-20,EUR,Paid
816,15,2025-06-12,2025-07-12,GBP,Paid
817,27,2025-01-18,2025-02-17,EUR,PartiallyPaid
818,58,2025-03-25,2025-04-24,USD,Overdue
819,120,2025-03-16,2025-04-15,EUR,Open
820,95,2025-09-17,2025-10-17,JPY,PartiallyPaid
821,97,2025-10-21,2025-11-20,AUD,Overdue
822,44,2025-09-03,2025-10-03,CAD,Open
823,999823,2025-11-13,2025-12-13,USD,PartiallyPaid
824,8,2025-04-10,2025-05-10,GBP,Paid
825,3,2025-08-17,2025-09-16,CAD,Overdue
826,25,2025-11-05,2025-12-05,AUD,PartiallyPaid
827,51,2025-08-07,2025-09-06,GBP,PartiallyPaid
828,45,2025-08-17,2025-09-16,AUD,Overdue
829,95,2025-08-15,2025-09-14,JPY,Overdue
830,18,2025-11-03,2025-12-03,JPY,PartiallyPaid
831,9,2025-10-30,2025-11-29,JPY,PartiallyPaid
832,54,2025-08-25,2025-09-24,EUR,Paid
833,24,2025-05-29,2025-06-28,GBP,PartiallyPaid
834,64,2025-08-26,2025-09-25,EUR,PartiallyPaid
835,39,2025-11-22,2025-12-22,GBP,Overdue
836,23,2025-12-19,2026-01-18,GBP,Overdue
837,9,2025-07-05,2025-08-04,GBP,Overdue
838,89,2025-07-11,2025-08-10,GBP,Paid
839,75,2025-06-13,2025-07-13,GBP,Paid
840,7,2025-08-03,2025-09-02,USD,PartiallyPaid
841,38,2025-02-09,2025-03-11,EUR,Open
842,77,2025-10-06,2025-11-05,AUD,PartiallyPaid
843,35,2025-12-19,2026-01-18,GBP,Paid
844,2,2025-05-25,2025-06-24,GBP,Paid
845,14,2025-09-15,2025-10-15,CAD,Open
846,54,2025-02-09,2025-03-11,USD,Overdue
847,45,2025-07-05,2025-08-04,CAD,PartiallyPaid
848,23,2025-01-15,2025-02-14,EUR,Paid
849,89,2025-03-06,2025-04-05,JPY,Open
850,999850,2025-09-05,2025-10-05,USD,Open
851,102,2025-10-31,2025-11-30,GBP,Open
852,9,2025-01-06,2025-02-05,CAD,Paid
853,76,2025-04-05,2025-05-05,EUR,PartiallyPaid
854,75,2025-03-24,2025-04-23,CAD,Paid
855,65,2025-02-20,2025-03-22,CAD,Paid
856,92,2025-05-25,2025-06-24,USD,Open
857,119,2025-09-16,2025-10-16,AUD,Paid
858,57,2025-02-24,2025-03-26,JPY,Overdue
859,28,2025-07-28,2025-08-27,USD,Overdue
860,15,2025-09-11,2025-10-11,CAD,Open
861,11,2025-03-01,2025-03-31,AUD,PartiallyPaid
862,88,2025-08-16,2025-09-15,JPY,Paid
863,110,2025-09-01,2025-10-01,USD,Overdue
864,87,2025-08-13,2025-09-12,USD,Paid
865,51,2025-10-30,2025-11-29,EUR,Open
866,47,2025-06-23,2025-07-23,JPY,Open
867,30,2025-09-13,2025-10-13,CAD,PartiallyPaid
868,97,2025-11-26,2025-12-26,AUD,Overdue
869,63,2025-03-17,2025-04-16,GBP,Overdue
870,64,,,AUD,Open
871,107,,,EUR,Overdue
872,78,2025-03-20,2025-04-19,USD,Overdue
873,102,2025-05-31,2025-06-30,GBP,PartiallyPaid
874,104,,,USD,Overdue
875,113,2025-07-16,2025-08-15,JPY,Overdue
876,5,2025-10-13,2025-11-12,AUD,Paid
877,63,2025-06-09,2025-07-09,USD,Overdue
878,85,2025-10-04,2025-11-03,EUR,Open
879,51,2025-10-30,2025-11-29,GBP,PartiallyPaid
880,42,2025-10-30,2025-11-29,GBP,Open
881,98,2025-06-24,2025-07-24,GBP,Overdue
882,45,2025-05-06,2025-06-05,CAD,Open
883,117,2025-06-06,2025-07-06,CAD,PartiallyPaid
884,5,2025-08-05,2025-09-04,GBP,Open
885,90,2025-01-12,2025-02-11,JPY,PartiallyPaid
886,74,2025-09-08,2025-10-08,GBP,Overdue
887,65,2025-12-08,2026-01-07,GBP,Overdue
888,26,2025-02-08,2025-03-10,GBP,PartiallyPaid
889,7,2025-10-21,2025-11-20,AUD,Open
890,92,2025-02-18,2025-03-20,CAD,Overdue
891,55,2025-02-09,2025-03-11,GBP,Overdue
892,85,2025-04-13,2025-05-13,CAD,Overdue
893,86,2025-04-03,2025-05-03,CAD,Paid
894,74,2025-12-05,2026-01-04,JPY,PartiallyPaid
895,120,2025-11-11,2025-12-11,CAD,Open
896,67,2025-08-25,2025-09-24,AUD,PartiallyPaid
897,109,2025-06-13,2025-07-13,AUD,Paid
898,109,2025-05-27,2025-06-26,CAD,Paid
899,52,2025-03-18,2025-04-17,GBP,Overdue
900,63,2025-08-12,2025-09-11,EUR,Paid
901,35,2025-05-13,2025-06-12,CAD,Paid
902,83,2025-09-06,2025-10-06,USD,PartiallyPaid
903,78,2025-02-02,2025-03-04,GBP,Open
904,51,2025-03-13,2025-04-12,CAD,Open
905,67,2025-10-25,2025-11-24,GBP,Overdue
906,114,2025-11-04,2025-12-04,GBP,Overdue
907,104,2025-05-01,2025-05-31,USD,Paid
908,28,2025-08-14,2025-09-13,USD,Overdue
909,69,2025-02-27,2025-03-29,AUD,Paid
910,36,2025-03-16,2025-04-15,GBP,Open
911,83,2025-11-07,2025-12-07,USD,Paid
912,33,2025-06-08,2025-07-08,AUD,Open
913,69,2025-08-15,2025-09-14,JPY,PartiallyPaid
914,39,2025-05-01,2025-05-31,EUR,Overdue
915,81,2025-11-26,2025-12-26,USD,Overdue
916,61,2025-06-20,2025-07-20,USD,Paid
917,90,2025-02-03,2025-03-05,CAD,PartiallyPaid
918,59,2025-01-27,2025-02-26,JPY,Paid
919,1,2025-11-18,2025-12-18,USD,Paid
920,32,2025-11-29,2025-12-29,AUD,Overdue
921,102,2025-08-20,2025-09-19,GBP,Paid
922,88,2025-06-17,2025-07-17,JPY,PartiallyPaid
923,24,2025-07-13,2025-08-12,EUR,Open
924,3,2025-11-28,2025-12-28,USD,Overdue
925,26,2025-03-28,2025-04-27,CAD,PartiallyPaid
926,20,2025-07-08,2025-08-07,USD,Overdue
927,99,2025-08-21,2025-09-20,EUR,Paid
928,25,2025-05-17,2025-06-16,EUR,Overdue
929,110,2025-04-21,2025-05-21,AUD,Paid
930,54,,,GBP,Paid
931,80,2025-05-08,2025-06-07,JPY,Open
932,2,2025-06-15,2025-07-15,EUR,Overdue
933,91,2025-11-02,2025-12-02,USD,Open
934,43,2025-08-30,2025-09-29,AUD,Open
935,1,2025-11-14,2025-12-14,AUD,PartiallyPaid
936,17,2025-10-14,2025-11-13,EUR,Overdue
937,120,2025-08-28,2025-09-27,CAD,Overdue
938,19,2025-06-10,2025-07-10,GBP,PartiallyPaid
939,119,2025-05-15,2025-06-14,GBP,PartiallyPaid
940,56,2025-06-11,2025-07-11,EUR,Overdue
941,7,2025-01-28,2025-02-27,GBP,Paid
942,91,2025-03-01,2025-03-31,USD,Overdue
943,46,2025-10-15,2025-11-14,AUD,Paid
944,16,2025-04-15,2025-05-15,EUR,PartiallyPaid
945,73,2025-10-27,2025-11-26,USD,Paid
946,54,2025-05-07,2025-06-06,GBP,Open
947,37,2025-12-15,2026-01-14,USD,PartiallyPaid
948,999948,2025-08-24,2025-09-23,JPY,PartiallyPaid
949,77,2025-06-18,2025-07-18,JPY,PartiallyPaid
950,94,2025-10-19,2025-11-18,AUD,PartiallyPaid
951,42,2025-02-06,2025-03-08,USD,Overdue
952,33,2025-07-24,2025-08-23,EUR,Overdue
953,100,2025-11-28,2025-12-28,USD,PartiallyPaid
954,63,2025-06-08,2025-07-08,GBP,Open
955,107,2025-04-13,2025-05-13,JPY,PartiallyPaid
956,73,2025-02-16,2025-03-18,CAD,Paid
957,56,2025-02-17,2025-03-19,JPY,Paid
958,83,2025-03-21,2025-04-20,AUD,Open
959,38,2025-02-10,2025-03-12,EUR,Paid
960,88,2025-05-08,2025-06-07,USD,Open
961,118,2025-02-25,2025-03-27,JPY,PartiallyPaid
962,46,2027-02-27,2027-03-29,JPY,Paid
963,101,2025-07-21,2025-08-20,AUD,PartiallyPaid
964,41,2025-08-21,2025-09-20,GBP,PartiallyPaid
965,118,2025-04-06,2025-05-06,CAD,PartiallyPaid
966,112,2026-10-10,2026-11-09,USD,Paid
967,84,2025-12-21,2026-01-20,AUD,Overdue
968,39,2025-11-12,2025-12-12,AUD,Overdue
969,103,2025-03-06,2025-04-05,USD,Paid
970,999970,2025-09-04,2025-10-04,JPY,Paid
971,12,2025-08-26,2025-09-25,USD,Paid
972,116,2025-12-26,2026-01-25,USD,Overdue
973,75,2025-05-31,2025-06-30,USD,PartiallyPaid
974,2,2025-08-10,2025-09-09,AUD,PartiallyPaid
975,5,2025-09-06,2025-10-06,AUD,Overdue
976,30,,,CAD,PartiallyPaid
977,71,2025-11-28,2025-12-28,JPY,PartiallyPaid
978,58,2025-01-11,2025-02-10,JPY,PartiallyPaid
979,57,2025-04-23,2025-05-23,CAD,Overdue
980,17,2025-12-31,2026-01-30,AUD,PartiallyPaid
981,102,2025-03-24,2025-04-23,AUD,Open
982,86,2025-03-30,2025-04-29,USD,Overdue
983,64,2025-04-18,2025-05-18,GBP,PartiallyPaid
984,46,2025-03-31,2025-04-30,USD,Open
985,44,2025-11-13,2025-12-13,JPY,PartiallyPaid
986,44,2025-01-24,2025-02-23,EUR,Open
987,91,2025-08-13,2025-09-12,USD,Open
988,101,2025-02-22,2025-03-24,USD,Paid
989,81,2025-04-16,2025-05-16,GBP,Overdue
990,98,2025-02-20,2025-03-22,EUR,Open
991,109,2027-01-10,2027-02-09,GBP,PartiallyPaid
992,65,2025-05-17,2025-06-16,GBP,Paid
993,20,2025-09-29,2025-10-29,JPY,Overdue
994,118,2025-08-23,2025-09-22,AUD,PartiallyPaid
995,4,2025-01-06,2025-02-05,USD,Open
996,44,2025-03-26,2025-04-25,USD,Paid
997,116,2025-11-20,2025-12-20,CAD,PartiallyPaid
998,54,2025-12-15,2026-01-14,AUD,PartiallyPaid
999,117,2025-05-24,2025-06-23,EUR,Overdue
1000,58,2025-10-06,2025-11-05,JPY,PartiallyPaid
156,90,2025-03-18,2025-04-17,CAD,Overdue
226,72,2025-05-28,2025-06-27,JPY,Open
231,74,2025-10-06,2025-11-05,USD,Overdue
264,81,2025-08-01,2025-08-31,AUD,Paid
267,94,2025-05-03,2025-06-02,JPY,Open
290,58,2025-05-16,2025-06-15,AUD,PartiallyPaid
295,26,2025-07-10,2025-08-09,USD,PartiallyPaid
354,23,2025-04-13,2025-05-13,JPY,Open
407,108,2025-11-10,2025-12-10,EUR,Overdue
443,24,2025-09-16,2025-10-16,JPY,Open
470,36,2025-03-10,2025-04-09,JPY,Overdue
609,20,2025-07-21,2025-08-20,CAD,Open
642,97,2025-04-01,2025-05-01,CAD,Overdue
707,42,2025-12-05,2026-01-04,EUR,Open
764,23,2025-06-07,2025-07-07,CAD,Paid
778,23,2025-01-23,2025-02-22,EUR,Overdue
801,23,2025-12-27,2026-01-26,EUR,Paid
909,69,2025-02-27,2025-03-29,AUD,Paid
943,46,2025-10-15,2025-11-14,AUD,Paid
961,118,2025-02-25,2025-03-27,JPY,PartiallyPaid
