LineID,InvoiceID,LineNumber,GLAccountID,Quantity,UnitPrice
1,1,1,4018,1,193.69
2,1,2,4008,6,385.76
3,2,1,4013,33,1320.39
4,2,2,4011,49,1458.03
5,2,3,4000,10,426.96
6,3,1,4020,-32,148.98
7,3,2,4006,19,349.56
8,4,1,4006,12,229.37
9,4,2,4013,4,1620.27
10,4,3,4009,29,1252.60
11,4,4,4015,6,560.76
12,5,1,4018,44,28.92
13,5,2,4008,3,
14,5,3,4010,32,680.69
15,5,4,4001,21,1882.57
16,6,1,4004,22,16.14
17,6,2,4007,2,1739.32
18,6,3,4006,24,1375.51
19,7,1,4001,41,
20,8,1,4002,44,1217.46
21,8,2,4003,23,1863.65
22,8,3,4018,47,1218.28
23,9,1,4017,3,1595.67
24,9,2,4007,30,898.11
25,9,3,4013,16,1508.97
26,9,4,4008,-46,1858.72
27,9,5,4004,15,1335.21
28,10,1,4018,41,189.98
29,10,2,4012,50,138.69
30,10,3,4007,42,1128.18
31,10,4,4006,17,184.48
32,10,5,4012,48,1149.95
33,11,1,4013,-48,133.15
34,11,2,4019,21,1597.06
35,11,3,4004,38,796.67
36,11,4,4004,19,1004.67
37,11,5,4009,48,1604.57
38,12,1,4006,45,1993.73
39,12,2,4004,32,1933.33
40,12,3,4001,46,1467.99
41,12,4,4005,50,980.13
42,12,5,4012,2,681.45
43,13,1,4017,5,573.25
44,13,2,4001,26,653.60
45,13,3,4015,46,1312.72
46,13,4,4020,19,427.44
47,14,1,4004,24,1155.61
48,15,1,4015,28,344.76
49,15,2,4013,12,243.52
50,15,3,4015,10,813.95
51,15,4,4002,20,1909.57
52,888052,1,4003,42,1268.34
53,16,2,4018,6,1286.40
54,16,3,4018,37,964.20
55,16,4,4004,12,1999.91
56,17,1,4000,21,1818.67
57,18,1,4018,36,1569.11
58,18,2,4003,35,1582.23
59,18,3,4010,12,
60,18,4,4008,8,1154.41
61,19,1,4013,6,1017.24
62,20,1,4017,16,1892.97
63,21,1,4011,9,1393.25
64,21,2,4007,39,427.58
65,21,3,4019,3,606.42
66,21,4,4002,36,724.54
67,22,1,4008,17,1303.04
68,22,2,4008,44,1392.09
69,22,3,4016,41,393.33
70,22,4,4012,39,1644.92
71,22,5,4017,2,502.52
72,23,1,4004,5,187.06
73,23,2,4003,15,204.91
74,23,3,4015,8,1459.37
75,23,4,4019,7,1403.91
76,24,1,4017,4,1893.56
77,25,1,4016,39,811.28
78,25,2,4001,46,261.47
79,25,3,4013,47,746.60
80,25,4,4009,46,883.53
81,25,5,4007,18,1045.98
82,26,1,4002,41,1895.43
83,26,2,4001,41,1462.61
84,26,3,4013,6,1112.78
85,27,1,4017,47,1000.63
86,27,2,4000,45,37.66
87,27,3,4016,46,1073.31
88,27,4,4016,44,1218.67
89,27,5,4001,15,740.43
90,28,1,4007,32,752.83
91,28,2,4008,35,1717.03
92,28,3,4020,-14,1266.04
93,28,4,4015,33,80.50
94,29,1,4011,-23,926.10
95,30,1,4016,26,211.66
96,30,2,4008,10,
97,31,1,4008,31,605.58
98,31,2,4013,7,1316.00
99,32,1,4004,23,1421.35
100,33,1,4015,27,1802.99
101,33,2,4004,43,246.40
102,33,3,4012,21,1562.87
103,33,4,4016,9,
104,34,1,4019,50,113.56
105,35,1,4019,28,571.62
106,36,1,4007,47,506.44
107,36,2,4016,43,404.84
108,37,1,4003,12,1711.20
109,37,2,4000,9,554.98
110,37,3,4020,40,1730.06
111,37,4,4001,15,857.89
112,37,5,4007,20,733.52
113,38,1,4009,4,11.07
114,38,2,4015,31,1216.98
115,38,3,4004,24,231.94
116,39,1,4011,24,729.16
117,39,2,4004,16,427.97
118,39,3,4020,41,249.51
119,40,1,4010,13,1851.75
120,40,2,4001,20,1979.39
121,41,1,4017,13,1426.09
122,41,2,4002,23,902.48
123,42,1,4008,27,1905.36
124,42,2,4006,45,586.42
125,42,3,4002,48,995.10
126,42,4,4019,11,1023.46
127,43,1,4016,14,328.41
128,43,2,4009,30,1443.95
129,43,3,4009,46,247.02
130,44,1,4001,41,1768.37
131,45,1,4011,14,12.79
132,45,2,4013,21,1413.87
133,46,1,4007,19,123.95
134,46,2,4018,47,361.70
135,46,3,4020,7,1379.35
136,46,4,4006,41,420.26
137,46,5,4013,38,1717.86
138,47,1,4005,10,196.45
139,47,2,4009,13,1887.28
140,47,3,4004,11,1636.82
141,48,1,4016,28,1819.17
142,49,1,4003,47,33.46
143,49,2,4002,1,1292.52
144,888144,1,4003,10,1203.28
145,50,2,4015,35,683.40
146,50,3,4004,49,894.21
147,51,1,4001,4,542.24
148,51,2,4000,7,214.11
149,52,1,4012,2,776.91
150,52,2,4003,44,1647.34
151,53,1,4011,7,570.81
152,53,2,4019,6,1212.97
153,54,1,4009,44,1787.30
154,54,2,4008,23,549.48
155,55,1,4004,1,1956.32
156,56,1,4018,29,1573.24
157,56,2,4005,28,564.17
158,56,3,4013,50,645.44
159,56,4,4007,39,673.60
160,57,1,4007,27,1082.11
161,57,2,4007,25,1432.69
162,57,3,4011,45,729.80
163,57,4,4011,36,275.85
164,58,1,4013,19,1672.15
165,58,2,4004,16,456.93
166,59,1,4018,-47,1930.18
167,59,2,4004,5,1191.91
168,59,3,4005,6,34.83
169,59,4,4013,31,1498.73
170,60,1,4020,29,1393.54
171,60,2,4013,3,355.42
172,60,3,4018,44,914.05
173,61,1,4016,20,853.10
174,61,2,4007,25,259.02
175,61,3,4014,26,1494.53
176,61,4,4011,31,1287.36
177,61,5,4010,42,547.14
178,62,1,4009,16,1087.72
179,63,1,4018,36,1859.11
180,63,2,4002,37,1973.12
181,64,1,4010,1,1505.84
182,64,2,4010,49,718.12
183,64,3,4000,27,1012.12
184,65,1,4014,25,1738.94
185,65,2,4020,6,195.65
186,65,3,4019,10,330.48
187,65,4,4009,42,1539.59
188,65,5,4012,24,1880.88
189,66,1,4015,14,1217.69
190,66,2,4002,7,293.82
191,67,1,4018,7,347.74
192,67,2,4015,24,151.56
193,67,3,4018,17,889.67
194,67,4,4004,32,1719.42
195,68,1,4013,24,1253.02
196,68,2,4020,33,1756.04
197,888197,3,4003,4,497.19
198,68,4,4014,19,1144.57
199,69,1,4002,23,1288.54
200,70,1,4012,47,1919.50
201,70,2,4015,22,691.42
202,71,1,4006,18,1094.71
203,72,1,4011,37,1206.14
204,72,2,4013,28,434.71
205,72,3,4002,18,360.45
206,73,1,4005,46,845.25
207,73,2,4005,4,1804.27
208,73,3,4005,13,844.01
209,74,1,4019,23,1144.93
210,74,2,4010,13,1339.25
211,74,3,4003,1,922.73
212,74,4,4004,44,
213,75,1,4013,41,203.92
214,75,2,4006,45,340.54
215,888215,3,4009,44,38.60
216,75,4,4013,33,258.24
217,76,1,4003,23,1089.51
218,76,2,4013,12,752.51
219,76,3,4019,25,1322.62
220,76,4,4019,7,1613.82
221,77,1,4014,7,1505.94
222,77,2,4007,33,74.94
223,77,3,4003,50,768.35
224,77,4,4012,23,1828.92
225,78,1,4009,24,1020.05
226,888226,1,4004,44,1801.37
227,79,2,4005,24,1042.74
228,79,3,4020,37,491.24
229,79,4,4020,26,1604.65
230,80,1,4003,47,1809.30
231,80,2,4020,46,1013.47
232,80,3,4000,17,326.52
233,80,4,4017,-28,1542.36
234,81,1,4020,37,1487.26
235,82,1,4007,12,1796.84
236,82,2,4008,47,1574.24
237,82,3,4003,6,1258.60
238,83,1,4005,30,254.14
239,84,1,4015,5,729.18
240,85,1,4012,27,1918.84
241,888241,1,4005,41,1619.01
242,86,2,4011,43,1217.24
243,86,3,4008,31,
244,87,1,4006,13,1076.55
245,88,1,4004,8,68.70
246,88,2,4020,18,406.48
247,88,3,4006,19,1619.93
248,89,1,4003,12,1693.61
249,89,2,4015,38,1179.28
250,89,3,4019,28,853.24
251,90,1,4002,39,407.44
252,91,1,4019,11,1916.61
253,91,2,4010,42,1065.69
254,91,3,4011,28,721.91
255,888255,4,4010,10,253.38
256,92,1,4009,30,649.91
257,92,2,4002,39,442.75
258,93,1,4006,42,1514.84
259,93,2,4003,4,1002.32
260,93,3,4009,29,660.48
261,93,4,4009,2,1713.65
262,93,5,4001,9,811.59
263,94,1,4009,-42,945.09
264,94,2,4015,18,698.19
265,94,3,4020,40,603.90
266,95,1,4004,24,214.46
267,96,1,4011,21,1451.26
268,97,1,4003,1,1737.35
269,97,2,4012,4,159.33
270,97,3,4010,18,1850.47
271,97,4,4014,10,1776.72
272,97,5,4008,43,1059.90
273,98,1,4002,50,459.40
274,98,2,4006,23,1747.02
275,888275,3,4006,45,1943.81
276,99,1,4016,25,218.02
277,99,2,4004,33,1523.37
278,99,3,4014,33,268.82
279,99,4,4005,40,1562.24
280,100,1,4007,37,303.11
281,100,2,4014,2,
282,100,3,4004,23,1854.59
283,101,1,4001,33,674.14
284,101,2,4005,42,1856.76
285,101,3,4001,39,1218.82
286,101,4,4018,42,231.05
287,102,1,4012,16,211.05
288,102,2,4015,26,447.58
289,102,3,4009,14,415.12
290,103,1,4007,7,1816.49
291,104,1,4000,21,341.62
292,104,2,4002,43,674.77
293,105,1,4000,44,29.37
294,888294,2,4009,32,950.41
295,106,1,4010,34,1512.44
296,106,2,4008,29,708.05
297,107,1,4019,-30,711.73
298,107,2,4013,31,1374.71
299,107,3,4013,15,291.85
300,108,1,4008,14,395.75
301,108,2,4016,41,1799.45
302,108,3,4013,12,1361.34
303,109,1,4003,20,1163.24
304,109,2,4003,28,1137.66
305,109,3,4009,1,1374.20
306,110,1,4000,36,614.25
307,110,2,4009,30,573.20
308,110,3,4011,1,
309,110,4,4002,19,1008.97
310,110,5,4002,46,1991.87
311,111,1,4012,15,1866.54
312,111,2,4019,28,1809.28
313,111,3,4004,20,877.27
314,112,1,4018,17,1113.02
315,112,2,4003,41,374.91
316,113,1,4014,34,633.39
317,113,2,4017,23,846.81
318,114,1,4007,50,1514.15
319,115,1,4001,33,1245.57
320,115,2,4016,49,260.61
321,115,3,4003,30,178.47
322,115,4,4001,22,1645.66
323,115,5,4006,8,1352.08
324,116,1,4020,10,1934.88
325,888325,2,4015,10,628.67
326,116,3,4003,40,
327,116,4,4014,34,416.54
328,116,5,4007,26,252.40
329,117,1,4013,17,1365.83
330,117,2,4005,10,377.77
331,117,3,4003,33,1097.90
332,117,4,4003,38,1338.72
333,117,5,4018,30,
334,118,1,4014,1,77.83
335,118,2,4014,3,715.91
336,118,3,4006,-18,325.05
337,118,4,4004,23,1054.86
338,119,1,4008,42,685.19
339,119,2,4015,49,1847.72
340,119,3,4016,25,1215.63
341,120,1,4019,17,654.91
342,120,2,4003,26,68.75
343,120,3,4007,32,958.06
344,120,4,4013,7,356.26
345,120,5,4014,5,508.46
346,121,1,4014,39,68.62
347,121,2,4015,25,1278.42
348,121,3,4016,29,458.74
349,122,1,4004,6,1261.94
350,122,2,4005,1,821.97
351,123,1,4011,32,422.87
352,123,2,4020,40,1708.31
353,123,3,4003,25,1142.61
354,123,4,4009,8,112.44
355,123,5,4009,17,722.23
356,124,1,4012,35,1707.86
357,125,1,4008,4,1784.70
358,125,2,4001,-42,682.71
359,125,3,4001,9,1635.36
360,125,4,4001,16,1613.27
361,125,5,4002,23,1900.32
362,126,1,4016,31,548.31
363,126,2,4007,15,868.72
364,126,3,4019,2,62.44
365,126,4,4012,25,1478.47
366,126,5,4003,45,1405.66
367,127,1,4002,24,692.82
368,127,2,4017,-38,832.00
369,127,3,4001,37,1605.52
370,127,4,4019,5,882.73
371,127,5,4003,42,1996.20
372,128,1,4011,5,1091.86
373,129,1,4020,29,1883.44
374,129,2,4001,16,542.40
375,130,1,4004,27,1247.52
376,130,2,4004,34,1486.40
377,130,3,4003,3,1399.70
378,131,1,4002,32,547.89
379,132,1,4014,18,
380,133,1,4009,15,377.01
381,134,1,4010,35,1875.08
382,135,1,4013,49,1516.93
383,135,2,4017,28,1857.85
384,135,3,4017,25,1865.62
385,136,1,4012,28,1140.92
386,888386,2,4008,30,1850.08
387,136,3,4001,6,1544.97
388,136,4,4019,40,544.81
389,137,1,4014,8,1324.95
390,138,1,4017,2,938.21
391,138,2,4017,14,1163.34
392,138,3,4008,21,886.47
393,138,4,4001,32,1264.37
394,139,1,4010,8,376.67
395,139,2,4008,3,463.63
396,140,1,4007,44,1700.32
397,141,1,4010,7,893.19
398,141,2,4009,37,1647.16
399,141,3,4020,-10,1217.86
400,142,1,4009,31,595.19
401,142,2,4016,10,60.82
402,142,3,4006,46,1021.28
403,143,1,4002,38,1455.26
404,143,2,4020,5,1984.72
405,143,3,4001,36,1082.55
406,143,4,4018,39,1053.65
407,144,1,4010,16,1600.02
408,144,2,4013,48,1389.22
409,144,3,4015,24,1125.31
410,145,1,4004,15,843.51
411,145,2,4019,35,1819.44
412,145,3,4016,17,689.73
413,145,4,4014,10,1268.93
414,145,5,4015,1,843.06
415,146,1,4002,9,
416,147,1,4012,33,1838.06
417,147,2,4010,45,1426.85
418,148,1,4011,39,1988.33
419,148,2,4015,29,1265.36
420,148,3,4016,45,375.07
421,148,4,4014,6,25.49
422,148,5,4003,25,361.68
423,149,1,4016,20,106.09
424,149,2,4001,28,774.29
425,150,1,4009,28,1154.52
426,150,2,4009,11,554.96
427,151,1,4006,39,1849.79
428,151,2,4017,36,
429,151,3,4006,35,23.26
430,152,1,4003,37,895.20
431,152,2,4008,46,1691.04
432,152,3,4011,6,1986.22
433,153,1,4008,48,1457.45
434,154,1,4001,41,1347.44
435,154,2,4017,28,1413.16
436,154,3,4007,43,1255.90
437,154,4,4015,9,1745.51
438,155,1,4002,32,1469.79
439,155,2,4017,34,
440,156,1,4020,14,87.24
441,156,2,4009,38,703.92
442,156,3,4019,15,1339.27
443,156,4,4009,23,597.88
444,156,5,4014,27,657.54
445,157,1,4015,43,1396.97
446,157,2,4006,32,
447,157,3,4012,27,1545.88
448,158,1,4010,28,1825.61
449,158,2,4005,41,623.94
450,158,3,4010,35,1254.32
451,158,4,4002,9,49.64
452,159,1,4011,23,1110.26
453,159,2,4007,35,322.42
454,159,3,4007,19,1822.20
455,160,1,4015,3,1512.69
456,161,1,4001,11,58.25
457,162,1,4008,48,1570.27
458,162,2,4000,6,1013.97
459,162,3,4018,1,1087.98
460,163,1,4000,13,1720.01
461,163,2,4015,20,413.31
462,163,3,4015,25,195.19
463,888463,4,4015,19,1071.08
464,164,1,4000,24,1432.01
465,164,2,4009,26,899.70
466,164,3,4006,22,1263.53
467,164,4,4016,32,176.94
468,165,1,4010,49,1537.14
469,165,2,4008,10,1381.11
470,165,3,4020,45,1129.19
471,165,4,4002,16,1420.65
472,888472,5,4016,7,164.23
473,166,1,4015,11,1740.80
474,167,1,4012,41,979.51
475,167,2,4008,1,876.60
476,168,1,4016,21,749.55
477,168,2,4008,44,1231.86
478,168,3,4004,31,1873.04
479,168,4,4004,11,
480,168,5,4003,31,1954.18
481,169,1,4011,30,131.60
482,169,2,4008,41,459.80
483,169,3,4019,19,1737.51
484,169,4,4002,50,516.95
485,169,5,4003,38,1464.01
486,170,1,4018,34,1534.45
487,170,2,4015,39,1616.53
488,171,1,4019,-11,471.34
489,171,2,4001,10,
490,172,1,4003,33,856.56
491,172,2,4009,16,760.85
492,173,1,4020,21,1767.74
493,173,2,4008,18,1681.35
494,173,3,4011,44,1800.53
495,173,4,4006,30,698.52
496,173,5,4011,25,1867.05
497,174,1,4008,-13,627.68
498,174,2,4015,33,1217.48
499,174,3,4018,26,1394.04
500,174,4,4015,2,1855.87
501,174,5,4001,12,1751.12
502,175,1,4004,2,1429.49
503,175,2,4001,6,1693.15
504,175,3,4019,21,1092.73
505,176,1,4018,22,1697.98
506,177,1,4001,-34,1332.35
507,177,2,4005,5,1524.97
508,177,3,4020,29,1220.97
509,178,1,4002,20,707.86
510,179,1,4010,30,1836.84
511,888511,2,4020,38,50.01
512,179,3,4020,24,1755.62
513,179,4,4009,13,1478.84
514,179,5,4008,12,1134.43
515,180,1,4011,12,526.11
516,180,2,4005,38,1547.02
517,181,1,4011,38,1080.52
518,182,1,4008,14,1937.30
519,182,2,4003,6,429.34
520,182,3,4011,34,380.99
521,183,1,4011,25,1803.54
522,183,2,4005,1,956.24
523,183,3,4019,23,939.01
524,183,4,4007,30,1392.05
525,183,5,4001,17,1205.87
526,184,1,4008,49,1854.50
527,184,2,4019,37,66.82
528,185,1,4001,13,1140.30
529,185,2,4005,6,1533.99
530,185,3,4002,-30,303.51
531,185,4,4017,12,414.61
532,185,5,4012,50,959.91
533,186,1,4003,31,1664.38
534,186,2,4009,25,1528.46
535,187,1,4018,39,152.60
536,187,2,4010,2,1220.96
537,187,3,4020,33,1225.03
538,187,4,4010,15,384.06
539,188,1,4015,42,309.99
540,188,2,4016,3,1910.48
541,188,3,4012,7,174.45
542,188,4,4000,1,266.19
543,189,1,4008,42,809.39
544,189,2,4011,48,1211.24
545,189,3,4005,50,676.78
546,189,4,4010,28,773.11
547,190,1,4001,17,1627.54
548,190,2,4019,30,251.89
549,190,3,4000,44,857.15
550,190,4,4009,35,593.55
551,190,5,4012,41,232.25
552,191,1,4013,12,198.20
553,191,2,4016,18,921.48
554,192,1,4020,30,659.91
555,192,2,4009,7,1960.73
556,192,3,4002,28,376.02
557,192,4,4019,28,1589.35
558,192,5,4018,33,1589.51
559,193,1,4008,14,879.52
560,193,2,4008,33,1213.20
561,193,3,4008,1,47.25
562,193,4,4000,30,1952.04
563,194,1,4018,15,582.78
564,194,2,4000,27,664.22
565,194,3,4015,22,699.27
566,195,1,4018,35,1349.24
567,195,2,4016,6,1127.04
568,196,1,4019,20,637.52
569,196,2,4000,38,709.74
570,196,3,4017,49,1117.31
571,197,1,4003,25,1700.84
572,197,2,4012,37,1731.14
573,198,1,4011,27,443.33
574,198,2,4010,41,1770.67
575,198,3,4014,33,790.42
576,198,4,4009,19,904.42
577,198,5,4003,1,674.77
578,199,1,4019,38,1948.75
579,199,2,4013,15,1243.64
580,199,3,4002,2,507.38
581,199,4,4016,-24,1206.67
582,200,1,4006,11,1448.89
583,200,2,4014,21,138.98
584,201,1,4016,44,1979.53
585,201,2,4005,42,1211.97
586,202,1,4013,30,148.99
587,202,2,4008,34,1725.72
588,203,1,4014,8,1217.88
589,203,2,4001,31,128.97
590,203,3,4003,24,1855.51
591,203,4,4003,7,532.37
592,203,5,4015,47,831.66
593,204,1,4015,17,1287.65
594,204,2,4014,49,527.40
595,205,1,4000,37,81.13
596,205,2,4005,15,1131.44
597,205,3,4004,37,955.82
598,206,1,4006,39,774.61
599,206,2,4016,38,1172.63
600,207,1,4016,31,349.12
601,207,2,4016,21,762.18
602,207,3,4010,31,
603,207,4,4003,15,456.38
604,888604,1,4016,23,1143.12
605,208,2,4010,15,733.49
606,209,1,4002,5,1923.70
607,209,2,4005,4,1050.67
608,209,3,4005,45,1716.47
609,209,4,4002,3,538.87
610,209,5,4018,9,131.12
611,210,1,4002,30,1764.47
612,210,2,4018,13,889.38
613,210,3,4003,14,
614,210,4,4019,47,1557.02
615,211,1,4010,1,820.27
616,211,2,4017,33,574.67
617,211,3,4003,16,1358.91
618,211,4,4015,49,980.29
619,212,1,4014,11,1523.27
620,212,2,4007,22,1081.79
621,212,3,4009,14,617.71
622,212,4,4012,40,1347.06
623,213,1,4020,11,322.69
624,213,2,4015,39,1561.71
625,214,1,4014,24,674.11
626,214,2,4012,20,793.15
627,214,3,4008,4,713.69
628,215,1,4000,46,1327.49
629,216,1,4006,28,658.11
630,216,2,4010,40,1714.24
631,216,3,4001,47,1445.32
632,217,1,4018,45,1415.91
633,217,2,4014,25,121.67
634,217,3,4013,19,277.23
635,217,4,4014,10,1183.72
636,218,1,4009,21,1527.95
637,218,2,4010,-45,1546.48
638,219,1,4014,50,1770.32
639,219,2,4000,24,1358.56
640,219,3,4001,9,827.45
641,220,1,4001,4,
642,220,2,4010,33,660.87
643,220,3,4003,41,160.35
644,220,4,4014,35,1031.87
645,220,5,4008,40,389.87
646,221,1,4005,29,1988.76
647,221,2,4013,42,913.55
648,221,3,4000,2,594.69
649,221,4,4010,15,309.48
650,222,1,4018,30,408.66
651,222,2,4017,10,305.08
652,222,3,4002,39,88.51
653,222,4,4005,21,1857.65
654,222,5,4000,28,473.63
655,223,1,4006,29,
656,223,2,4018,25,882.71
657,224,1,4005,6,1018.34
658,225,1,4013,8,1483.88
659,225,2,4016,13,190.67
660,226,1,4003,-30,766.26
661,227,1,4009,24,1674.70
662,227,2,4015,15,178.06
663,227,3,4004,2,556.69
664,228,1,4001,12,264.62
665,228,2,4019,4,427.55
666,229,1,4005,11,357.53
667,229,2,4009,24,227.69
668,229,3,4000,26,1818.87
669,229,4,4013,-22,946.30
670,230,1,4000,35,1201.03
671,231,1,4013,15,1976.50
672,888672,2,4015,35,1715.26
673,231,3,4019,31,521.15
674,232,1,4016,31,1663.87
675,233,1,4019,10,173.56
676,233,2,4014,7,508.83
677,234,1,4010,34,1975.41
678,234,2,4012,28,298.99
679,234,3,4001,41,403.81
680,234,4,4011,16,651.84
681,234,5,4006,13,1635.81
682,235,1,4016,40,885.33
683,235,2,4015,22,1786.13
684,235,3,4016,50,1329.86
685,235,4,4004,17,737.19
686,236,1,4004,15,1661.86
687,237,1,4016,20,1111.06
688,237,2,4007,12,1883.09
689,237,3,4004,-50,1469.49
690,238,1,4016,34,1602.52
691,238,2,4019,11,209.27
692,238,3,4019,15,1504.70
693,238,4,4009,28,564.06
694,238,5,4004,25,1944.30
695,239,1,4019,1,1419.60
696,239,2,4005,39,127.85
697,239,3,4005,49,1953.15
698,240,1,4008,26,504.66
699,240,2,4004,9,255.71
700,888700,3,4003,14,1347.75
701,240,4,4014,34,214.20
702,241,1,4010,8,1223.97
703,241,2,4020,18,91.53
704,241,3,4015,30,345.23
705,242,1,4011,15,186.26
706,242,2,4013,16,1333.17
707,242,3,4008,4,1731.68
708,243,1,4002,41,845.09
709,243,2,4018,1,1613.92
710,243,3,4017,28,216.89
711,244,1,4019,37,1042.74
712,244,2,4003,7,1589.26
713,244,3,4012,49,1164.44
714,244,4,4018,46,701.14
715,244,5,4013,34,803.40
716,245,1,4013,14,58.05
717,246,1,4011,47,1782.98
718,247,1,4008,18,105.12
719,247,2,4010,50,426.67
720,248,1,4010,49,1632.78
721,248,2,4009,23,1482.32
722,248,3,4020,7,189.96
723,248,4,4010,12,412.28
724,249,1,4018,24,1919.02
725,249,2,4017,20,1403.45
726,249,3,4019,12,1394.32
727,249,4,4012,43,534.11
728,250,1,4009,25,1912.59
729,250,2,4001,40,173.60
730,251,1,4007,36,
731,251,2,4009,16,886.31
732,252,1,4018,2,971.71
733,252,2,4012,13,1697.33
734,253,1,4011,46,734.30
735,253,2,4007,16,720.58
736,253,3,4015,35,202.28
737,254,1,4020,21,1654.32
738,254,2,4014,36,455.69
739,254,3,4000,40,1186.22
740,254,4,4004,36,1304.05
741,254,5,4000,5,140.17
742,255,1,4014,32,1531.09
743,255,2,4016,20,1352.59
744,255,3,4000,27,1083.83
745,255,4,4002,40,1511.39
746,255,5,4019,40,833.29
747,256,1,4003,-12,1858.36
748,256,2,4015,26,1898.57
749,257,1,4008,22,629.28
750,257,2,4020,32,528.41
751,258,1,4001,22,197.12
752,259,1,4000,4,
753,259,2,4011,1,619.47
754,259,3,4006,5,385.08
755,259,4,4005,23,1369.53
756,259,5,4014,29,1760.55
757,260,1,4009,40,1079.80
758,261,1,4015,7,369.03
759,261,2,4017,13,1994.71
760,261,3,4007,25,1888.58
761,262,1,4011,10,1637.00
762,262,2,4018,4,1843.04
763,262,3,4018,7,191.00
764,263,1,4010,45,794.43
765,263,2,4013,9,404.10
766,263,3,4019,25,57.43
767,263,4,4001,25,1984.65
768,263,5,4018,34,384.28
769,264,1,4009,12,1481.12
770,264,2,4013,25,1928.73
771,264,3,4001,48,1699.95
772,264,4,4002,14,1900.43
773,888773,5,4012,46,421.41
774,265,1,4010,45,587.98
775,265,2,4001,12,1654.88
776,266,1,4018,10,1247.31
777,266,2,4008,46,1256.12
778,267,1,4006,-45,1648.87
779,267,2,4014,50,1204.26
780,267,3,4015,9,453.72
781,267,4,4012,5,661.48
782,268,1,4012,35,1712.46
783,268,2,4001,13,1113.95
784,268,3,4002,31,231.70
785,269,1,4001,16,748.09
786,270,1,4000,50,1539.41
787,270,2,4006,10,1901.32
788,270,3,4007,42,766.27
789,270,4,4014,12,678.42
790,270,5,4017,5,1207.30
791,888791,1,4005,4,139.61
792,271,2,4007,47,747.04
793,271,3,4003,1,1129.80
794,272,1,4015,49,1131.64
795,272,2,4007,37,572.11
796,273,1,4004,40,1960.46
797,273,2,4005,30,726.67
798,273,3,4009,25,1765.06
799,273,4,4012,10,826.64
800,274,1,4014,41,1884.34
801,274,2,4004,29,932.40
802,275,1,4019,14,1428.05
803,275,2,4020,24,1100.93
804,275,3,4009,20,291.25
805,275,4,4005,50,830.11
806,275,5,4006,43,1039.83
807,276,1,4004,37,553.91
808,276,2,4014,42,1565.90
809,276,3,4019,16,269.80
810,276,4,4002,34,1753.07
811,277,1,4011,1,1740.23
812,278,1,4010,48,433.89
813,278,2,4009,38,898.77
814,279,1,4019,36,1762.32
815,280,1,4007,11,1261.08
816,280,2,4004,8,301.83
817,280,3,4011,25,958.99
818,280,4,4018,29,371.85
819,281,1,4009,22,1774.12
820,281,2,4006,44,307.48
821,281,3,4019,41,1425.70
822,282,1,4008,2,1184.74
823,282,2,4010,13,1964.25
824,282,3,4013,11,485.22
825,282,4,4002,22,1502.50
826,888826,1,4018,36,1745.36
827,283,2,4008,2,407.29
828,283,3,4013,45,739.92
829,284,1,4015,46,1886.38
830,284,2,4010,19,1827.58
831,284,3,4007,33,55.78
832,284,4,4002,5,139.27
833,285,1,4002,1,1475.64
834,286,1,4003,38,1743.99
835,286,2,4002,40,1411.25
836,287,1,4006,6,192.26
837,287,2,4006,4,779.93
838,288,1,4001,39,943.73
839,288,2,4004,29,22.56
840,288,3,4006,35,386.80
841,288,4,4018,12,1515.01
842,289,1,4011,39,1284.78
843,289,2,4009,48,23.90
844,289,3,4001,49,132.62
845,290,1,4000,49,169.10
846,290,2,4019,48,643.61
847,290,3,4011,44,1142.71
848,290,4,4017,48,747.18
849,290,5,4014,48,1178.59
850,291,1,4014,21,1694.50
851,291,2,4004,29,1478.34
852,291,3,4013,21,1741.80
853,291,4,4000,43,310.57
854,292,1,4009,31,
855,292,2,4013,36,387.99
856,292,3,4010,11,1334.92
857,292,4,4006,46,585.75
858,293,1,4019,-32,622.94
859,293,2,4011,28,1202.24
860,293,3,4014,45,745.44
861,293,4,4010,24,426.82
862,294,1,4004,18,1158.67
863,294,2,4019,21,1148.83
864,294,3,4010,16,505.71
865,294,4,4016,33,774.45
866,295,1,4014,30,1782.91
867,295,2,4001,25,1584.65
868,295,3,4015,31,1269.81
869,295,4,4019,36,552.79
870,296,1,4003,13,1295.22
871,296,2,4009,19,1473.63
872,888872,3,4008,16,851.75
873,296,4,4002,14,60.31
874,296,5,4017,24,1820.52
875,297,1,4006,39,635.03
876,297,2,4000,46,576.68
877,298,1,4012,4,1109.62
878,299,1,4001,2,1296.19
879,299,2,4001,42,1135.58
880,299,3,4004,47,272.41
881,299,4,4011,7,1880.84
882,299,5,4001,22,693.71
883,300,1,4006,27,798.02
884,300,2,4001,29,1527.90
885,300,3,4015,42,58.21
886,300,4,4004,3,1519.47
887,300,5,4016,33,781.18
888,301,1,4006,-32,1432.34
889,301,2,4002,38,466.72
890,301,3,4004,38,1023.21
891,302,1,4016,1,1491.07
892,302,2,4010,25,411.16
893,302,3,4020,17,1304.42
894,302,4,4003,43,817.32
895,302,5,4009,48,419.11
896,303,1,4018,38,728.27
897,303,2,4010,17,
898,304,1,4019,32,783.26
899,304,2,4007,49,988.45
900,305,1,4000,40,10.54
901,306,1,4001,1,769.03
902,306,2,4002,24,389.66
903,306,3,4009,18,54.57
904,307,1,4003,17,1865.17
905,307,2,4015,41,1366.84
906,308,1,4017,1,1452.37
907,308,2,4004,18,1408.72
908,309,1,4014,5,761.08
909,309,2,4008,27,36.41
910,310,1,4006,47,
911,310,2,4018,16,1622.60
912,310,3,4001,28,1408.86
913,311,1,4011,24,740.92
914,311,2,4020,43,1455.14
915,311,3,4009,23,1164.62
916,312,1,4013,44,994.08
917,312,2,4014,6,1770.70
918,313,1,4020,49,1363.87
919,313,2,4018,10,1085.02
920,313,3,4013,9,1586.63
921,313,4,4008,8,1092.55
922,314,1,4015,43,1482.03
923,314,2,4016,8,1674.57
924,314,3,4003,43,445.95
925,314,4,4006,15,912.77
926,314,5,4004,-46,1589.25
927,315,1,4017,45,491.25
928,316,1,4002,-13,71.88
929,317,1,4000,17,246.72
930,318,1,4015,20,756.08
931,318,2,4010,41,93.33
932,318,3,4017,23,1404.26
933,318,4,4015,50,1380.30
934,318,5,4008,2,1925.91
935,319,1,4014,6,1451.31
936,319,2,4009,25,490.34
937,319,3,4000,36,1710.74
938,319,4,4014,44,1726.81
939,319,5,4017,5,931.73
940,320,1,4009,17,1399.45
941,321,1,4002,3,669.52
942,321,2,4020,13,505.59
943,322,1,4018,50,611.53
944,322,2,4003,32,894.89
945,323,1,4015,9,1957.81
946,323,2,4011,24,865.65
947,324,1,4002,7,76.74
948,324,2,4016,5,1756.78
949,324,3,4018,16,1752.31
950,324,4,4008,12,897.74
951,324,5,4017,31,1582.10
952,325,1,4011,15,607.68
953,326,1,4000,33,234.38
954,327,1,4015,9,494.92
955,327,2,4017,31,207.10
956,327,3,4002,5,262.64
957,328,1,4013,33,154.45
958,328,2,4013,41,458.43
959,328,3,4011,3,
960,328,4,4015,26,1674.38
961,329,1,4019,33,1295.62
962,329,2,4002,34,1548.47
963,329,3,4011,36,1784.38
964,329,4,4009,18,934.37
965,329,5,4015,35,1839.46
966,330,1,4019,49,1380.02
967,330,2,4015,39,1152.24
968,330,3,4008,22,1236.57
969,330,4,4007,19,463.41
970,331,1,4013,13,619.63
971,331,2,4004,18,853.46
972,331,3,4017,50,388.03
973,331,4,4009,21,930.75
974,331,5,4020,41,1200.28
975,332,1,4017,24,973.84
976,332,2,4017,22,1215.91
977,332,3,4014,-26,385.97
978,332,4,4001,36,561.41
979,333,1,4003,41,1194.59
980,333,2,4002,9,729.06
981,333,3,4013,18,1075.09
982,333,4,4019,14,1323.99
983,334,1,4008,19,468.67
984,334,2,4007,36,
985,334,3,4005,11,1651.99
986,335,1,4003,37,1957.56
987,336,1,4007,27,924.42
988,336,2,4019,18,485.15
989,337,1,4014,29,209.73
990,337,2,4017,10,775.11
991,337,3,4016,49,1764.79
992,337,4,4019,22,1003.07
993,338,1,4005,24,163.94
994,338,2,4009,26,635.28
995,339,1,4007,25,
996,339,2,4011,42,909.97
997,340,1,4013,-25,878.22
998,340,2,4005,17,545.55
999,340,3,4006,11,1175.13
1000,341,1,4002,25,1523.81
1001,342,1,4004,45,508.28
1002,342,2,4013,19,877.43
1003,342,3,4018,20,142.89
1004,342,4,4009,42,1744.94
1005,889005,5,4006,36,852.30
1006,343,1,4017,46,1547.94
1007,343,2,4017,8,1111.34
1008,343,3,4016,12,27.41
1009,343,4,4015,2,1790.73
1010,343,5,4008,10,491.43
1011,344,1,4019,16,1423.32
1012,344,2,4016,49,1965.88
1013,344,3,4016,32,796.08
1014,344,4,4012,30,1887.14
1015,345,1,4001,34,342.12
1016,345,2,4013,14,1989.48
1017,345,3,4000,25,753.51
1018,346,1,4004,28,1503.19
1019,346,2,4014,42,798.76
1020,347,1,4004,32,1428.65
1021,347,2,4003,27,498.28
1022,347,3,4013,19,707.60
1023,348,1,4015,39,1643.98
1024,889024,1,4003,23,627.58
1025,350,1,4016,48,
1026,350,2,4019,-24,812.79
1027,351,1,4015,19,1604.44
1028,351,2,4018,28,81.95
1029,351,3,4014,33,1936.58
1030,352,1,4012,10,1830.84
1031,352,2,4018,15,612.79
1032,352,3,4008,13,1653.59
1033,353,1,4002,1,335.15
1034,353,2,4002,15,1962.58
1035,354,1,4008,22,1959.12
1036,354,2,4010,37,1779.45
1037,354,3,4008,34,1367.10
1038,354,4,4008,39,498.14
1039,355,1,4018,33,1945.79
1040,355,2,4007,20,522.71
1041,355,3,4011,16,314.98
1042,356,1,4019,48,1137.48
1043,356,2,4001,31,1329.14
1044,356,3,4010,28,870.01
1045,356,4,4012,24,479.01
1046,357,1,4005,14,1700.41
1047,357,2,4002,22,661.01
1048,357,3,4002,6,26.89
1049,357,4,4004,45,
1050,357,5,4011,19,739.87
1051,358,1,4018,6,1786.83
1052,358,2,4005,6,1232.58
1053,358,3,4016,26,985.82
1054,358,4,4008,5,576.05
1055,358,5,4009,11,1402.89
1056,359,1,4011,26,1333.37
1057,360,1,4007,20,1414.26
1058,360,2,4001,20,428.99
1059,360,3,4004,6,1751.53
1060,360,4,4007,10,572.13
1061,360,5,4017,46,825.66
1062,361,1,4005,20,427.45
1063,361,2,4008,26,141.45
1064,361,3,4010,25,1000.26
1065,361,4,4010,29,660.55
1066,361,5,4008,49,
1067,362,1,4007,6,1976.85
1068,362,2,4013,33,1914.55
1069,362,3,4011,3,1266.76
1070,362,4,4006,-22,970.77
1071,363,1,4012,22,1716.97
1072,363,2,4001,34,1228.80
1073,364,1,4009,47,587.48
1074,364,2,4013,-22,1182.75
1075,364,3,4018,30,1221.43
1076,364,4,4007,15,607.56
1077,365,1,4014,17,18.53
1078,365,2,4008,16,865.72
1079,365,3,4020,35,1097.63
1080,365,4,4017,20,1330.00
1081,365,5,4012,43,1561.55
1082,366,1,4002,47,1094.68
1083,366,2,4008,22,
1084,366,3,4006,11,1346.90
1085,366,4,4017,47,204.23
1086,366,5,4000,45,146.49
1087,367,1,4003,5,1590.91
1088,367,2,4014,49,251.66
1089,368,1,4002,8,1232.59
1090,368,2,4000,23,1615.14
1091,368,3,4004,40,1588.69
1092,368,4,4020,22,1632.28
1093,368,5,4016,-23,1708.48
1094,369,1,4002,14,1245.94
1095,369,2,4014,48,1317.48
1096,369,3,4006,25,744.05
1097,369,4,4010,1,44.07
1098,370,1,4003,48,1939.47
1099,370,2,4017,39,1534.59
1100,370,3,4020,36,688.00
1101,370,4,4003,21,1078.79
1102,371,1,4004,20,1996.82
1103,372,1,4015,22,1962.81
1104,372,2,4005,20,
1105,372,3,4003,46,283.48
1106,373,1,4005,8,535.76
1107,373,2,4017,37,1602.74
1108,373,3,4018,49,1719.91
1109,374,1,4001,20,1319.22
1110,374,2,4001,20,846.14
1111,374,3,4015,9,1898.48
1112,374,4,4018,3,728.65
1113,374,5,4018,36,502.68
1114,375,1,4016,41,945.93
1115,376,1,4006,-27,1050.72
1116,376,2,4006,32,128.15
1117,377,1,4009,19,815.00
1118,377,2,4020,18,1713.72
1119,377,3,4008,39,1955.85
1120,377,4,4007,45,376.87
1121,377,5,4002,9,469.40
1122,889122,1,4006,9,560.33
1123,378,2,4014,46,1395.49
1124,378,3,4013,10,1299.45
1125,378,4,4020,25,1363.83
1126,379,1,4007,14,384.12
1127,889127,2,4014,32,555.06
1128,380,1,4006,4,1669.04
1129,380,2,4000,27,581.55
1130,381,1,4014,49,1177.10
1131,381,2,4005,13,558.47
1132,381,3,4015,31,
1133,381,4,4003,25,1897.55
1134,382,1,4016,47,517.07
1135,382,2,4007,20,50.40
1136,382,3,4019,19,496.15
1137,889137,1,4000,34,1258.76
1138,383,2,4015,21,1541.68
1139,383,3,4008,13,1467.91
1140,383,4,4018,38,809.89
1141,383,5,4001,23,948.99
1142,384,1,4017,23,489.92
1143,384,2,4001,2,215.35
1144,384,3,4017,14,1074.61
1145,385,1,4008,46,1478.67
1146,385,2,4014,1,824.18
1147,385,3,4008,14,1847.90
1148,385,4,4008,39,1261.92
1149,386,1,4006,11,
1150,386,2,4018,27,209.19
1151,386,3,4017,-18,1395.79
1152,386,4,4008,45,1480.41
1153,386,5,4006,13,322.34
1154,387,1,4004,13,927.10
1155,387,2,4009,3,1825.36
1156,388,1,4005,10,1668.90
1157,388,2,4002,24,358.44
1158,388,3,4005,49,155.69
1159,388,4,4018,18,1430.31
1160,389,1,4018,22,323.22
1161,389,2,4008,14,855.52
1162,389,3,4000,21,436.15
1163,389,4,4018,13,757.30
1164,389,5,4017,8,262.29
1165,390,1,4004,36,1819.57
1166,391,1,4001,34,1752.84
1167,392,1,4016,39,157.60
1168,392,2,4001,35,529.67
1169,392,3,4020,28,1677.42
1170,392,4,4017,6,1253.43
1171,392,5,4010,6,650.47
1172,393,1,4000,3,1562.29
1173,394,1,4006,21,1486.97
1174,395,1,4020,7,1789.65
1175,395,2,4012,48,61.42
1176,395,3,4008,44,1829.38
1177,395,4,4015,11,1627.40
1178,396,1,4009,32,1538.29
1179,396,2,4013,33,94.50
1180,396,3,4007,-30,
1181,397,1,4004,23,186.49
1182,397,2,4016,26,254.66
1183,397,3,4005,15,745.44
1184,397,4,4001,37,93.33
1185,398,1,4011,14,1208.18
1186,398,2,4016,2,1559.44
1187,398,3,4012,12,130.82
1188,398,4,4000,17,257.29
1189,399,1,4015,41,1924.68
1190,399,2,4006,32,505.54
1191,399,3,4004,34,805.42
1192,400,1,4009,40,1454.72
1193,400,2,4004,27,51.21
1194,400,3,4008,24,1691.63
1195,400,4,4020,6,91.15
1196,401,1,4001,11,1503.08
1197,401,2,4005,12,465.87
1198,401,3,4015,19,1732.28
1199,401,4,4016,25,1586.27
1200,402,1,4016,2,1464.25
1201,402,2,4014,34,1964.78
1202,402,3,4020,40,132.44
1203,402,4,4011,4,589.84
1204,402,5,4012,13,522.86
1205,403,1,4014,10,189.21
1206,403,2,4007,47,256.32
1207,404,1,4010,6,404.00
1208,404,2,4002,15,819.23
1209,404,3,4012,49,1014.72
1210,404,4,4016,7,1006.36
1211,404,5,4000,-1,377.81
1212,405,1,4016,7,835.90
1213,405,2,4008,1,760.81
1214,405,3,4013,47,1958.21
1215,405,4,4011,1,1363.44
1216,405,5,4016,9,161.74
1217,406,1,4010,19,591.56
1218,406,2,4005,2,1515.48
1219,406,3,4010,14,1016.65
1220,406,4,4009,22,193.53
1221,406,5,4020,9,820.42
1222,407,1,4001,50,482.92
1223,408,1,4001,45,1495.22
1224,408,2,4012,13,120.22
1225,408,3,4014,39,
1226,408,4,4006,5,1492.87
1227,408,5,4005,17,718.03
1228,409,1,4020,37,1256.49
1229,409,2,4001,10,1968.00
1230,409,3,4014,8,
1231,409,4,4017,50,603.90
1232,410,1,4003,9,431.80
1233,889233,2,4001,4,747.42
1234,410,3,4009,33,1133.28
1235,410,4,4018,37,41.39
1236,410,5,4013,11,1199.72
1237,411,1,4020,37,1740.46
1238,411,2,4014,39,1494.58
1239,411,3,4012,6,598.14
1240,411,4,4000,41,503.92
1241,411,5,4006,50,626.09
1242,412,1,4004,13,1679.98
1243,412,2,4013,50,814.38
1244,413,1,4014,-45,1120.24
1245,413,2,4006,49,1784.30
1246,413,3,4010,20,1989.44
1247,413,4,4016,43,1816.64
1248,413,5,4009,9,
1249,414,1,4018,23,1775.69
1250,415,1,4018,28,1103.01
1251,415,2,4017,49,1356.34
1252,415,3,4006,25,695.99
1253,415,4,4004,1,1619.40
1254,415,5,4003,50,1061.72
1255,416,1,4009,13,803.35
1256,416,2,4005,33,1799.00
1257,416,3,4019,31,11.95
1258,417,1,4016,25,119.75
1259,417,2,4000,13,1339.95
1260,417,3,4002,4,756.63
1261,417,4,4013,19,155.59
1262,418,1,4020,41,1744.96
1263,418,2,4015,10,743.04
1264,419,1,4004,29,787.57
1265,419,2,4011,47,1727.40
1266,419,3,4015,2,193.22
1267,419,4,4002,25,1964.15
1268,420,1,4006,2,1052.72
1269,420,2,4010,13,471.91
1270,420,3,4003,23,350.78
1271,421,1,4005,35,933.87
1272,421,2,4013,44,
1273,421,3,4017,16,1959.29
1274,421,4,4017,37,758.20
1275,422,1,4010,20,107.88
1276,422,2,4003,4,797.22
1277,422,3,4008,28,1989.91
1278,423,1,4015,26,225.48
1279,424,1,4015,11,159.61
1280,424,2,4013,38,372.96
1281,424,3,4019,11,686.87
1282,424,4,4017,29,857.78
1283,424,5,4010,16,1697.67
1284,425,1,4015,2,1149.13
1285,425,2,4003,45,1441.17
1286,425,3,4012,30,131.57
1287,425,4,4000,34,301.62
1288,426,1,4011,35,1321.23
1289,426,2,4011,21,181.52
1290,426,3,4008,1,1082.76
1291,426,4,4005,26,1467.65
1292,427,1,4001,37,1140.06
1293,428,1,4017,38,1366.91
1294,428,2,4001,19,1737.47
1295,428,3,4017,22,1903.29
1296,428,4,4009,28,1200.46
1297,428,5,4016,42,1766.16
1298,429,1,4016,41,177.19
1299,429,2,4002,30,1504.84
1300,429,3,4015,23,478.21
1301,429,4,4014,13,1944.50
1302,429,5,4014,18,165.20
1303,430,1,4013,40,775.10
1304,430,2,4016,33,1692.57
1305,430,3,4010,37,1988.44
1306,430,4,4007,44,803.20
1307,431,1,4012,4,1767.21
1308,431,2,4003,25,670.44
1309,431,3,4011,11,1088.12
1310,432,1,4004,17,1051.93
1311,432,2,4004,23,1226.66
1312,432,3,4007,44,1156.35
1313,433,1,4005,35,1848.30
1314,433,2,4010,17,1364.25
1315,434,1,4012,12,693.27
1316,434,2,4011,38,1392.25
1317,434,3,4012,7,1982.94
1318,434,4,4012,24,1903.74
1319,435,1,4008,-21,647.68
1320,435,2,4016,-15,620.17
1321,435,3,4005,37,1666.47
1322,435,4,4001,4,1667.72
1323,435,5,4014,6,428.27
1324,436,1,4019,21,412.57
1325,437,1,4013,27,1693.29
1326,437,2,4004,29,101.13
1327,438,1,4014,19,1586.98
1328,439,1,4017,40,1995.21
1329,889329,2,4011,4,1671.48
1330,439,3,4012,9,1033.37
1331,439,4,4013,11,1871.00
1332,440,1,4014,4,1729.43
1333,440,2,4010,35,604.31
1334,440,3,4010,33,1484.20
1335,440,4,4019,47,1929.43
1336,441,1,4002,12,616.04
1337,441,2,4001,45,671.27
1338,441,3,4007,3,620.61
1339,442,1,4010,16,1755.97
1340,443,1,4020,5,654.71
1341,443,2,4009,41,1478.93
1342,443,3,4015,34,772.30
1343,444,1,4020,32,1383.82
1344,444,2,4004,29,592.41
1345,445,1,4002,33,1410.33
1346,445,2,4003,34,1629.00
1347,445,3,4020,48,1674.31
1348,889348,1,4002,41,194.28
1349,447,1,4011,16,984.18
1350,447,2,4014,2,1536.20
1351,447,3,4011,12,1800.70
1352,447,4,4001,36,972.83
1353,447,5,4014,21,189.57
1354,448,1,4005,43,1461.82
1355,448,2,4006,46,250.65
1356,448,3,4018,13,1437.22
1357,448,4,4018,12,1852.91
1358,449,1,4013,40,829.76
1359,449,2,4017,21,1174.50
1360,449,3,4007,10,341.46
1361,449,4,4008,37,1084.93
1362,449,5,4015,27,1452.32
1363,450,1,4008,11,586.79
1364,450,2,4003,17,1906.62
1365,889365,1,4018,29,1697.41
1366,451,2,4019,12,332.56
1367,452,1,4010,49,1000.42
1368,452,2,4004,9,1121.04
1369,452,3,4012,2,1507.97
1370,452,4,4001,47,1727.33
1371,453,1,4016,49,1217.09
1372,453,2,4011,33,1142.15
1373,453,3,4001,43,377.47
1374,454,1,4002,-13,1956.20
1375,455,1,4006,37,925.83
1376,455,2,4020,47,1857.79
1377,455,3,4000,37,1854.45
1378,455,4,4006,6,961.16
1379,455,5,4015,4,
1380,456,1,4012,14,1004.73
1381,457,1,4014,41,312.06
1382,458,1,4002,30,287.87
1383,458,2,4003,8,811.37
1384,458,3,4016,40,898.52
1385,458,4,4006,49,504.86
1386,459,1,4005,19,868.58
1387,460,1,4009,42,1624.41
1388,460,2,4020,12,576.06
1389,460,3,4004,34,
1390,460,4,4006,10,
1391,461,1,4020,23,1680.90
1392,461,2,4004,1,437.09
1393,461,3,4014,50,
1394,462,1,4011,10,853.49
1395,463,1,4002,20,269.36
1396,463,2,4013,48,61.03
1397,463,3,4001,8,332.29
1398,463,4,4013,11,132.42
1399,464,1,4020,-38,464.12
1400,464,2,4020,7,529.51
1401,464,3,4001,-42,1405.39
1402,464,4,4018,-8,732.74
1403,465,1,4018,24,1575.81
1404,465,2,4007,44,702.58
1405,465,3,4013,17,221.79
1406,465,4,4016,1,1114.33
1407,466,1,4007,3,1614.13
1408,467,1,4016,29,1529.25
1409,468,1,4003,-35,203.88
1410,469,1,4014,38,1442.39
1411,469,2,4014,6,94.48
1412,470,1,4016,22,105.12
1413,470,2,4006,18,406.99
1414,471,1,4011,2,371.63
1415,472,1,4017,28,1196.36
1416,472,2,4019,1,1999.52
1417,472,3,4013,26,1621.63
1418,472,4,4007,26,306.34
1419,473,1,4013,45,47.77
1420,473,2,4002,28,1930.51
1421,474,1,4001,4,976.45
1422,475,1,4002,48,1175.27
1423,476,1,4010,49,1417.94
1424,476,2,4008,16,1418.38
1425,476,3,4019,40,85.42
1426,476,4,4020,32,796.05
1427,476,5,4013,15,405.34
1428,477,1,4003,39,592.31
1429,477,2,4008,10,580.44
1430,477,3,4016,16,356.65
1431,477,4,4019,43,585.32
1432,478,1,4004,1,1646.87
1433,478,2,4005,2,111.45
1434,478,3,4000,7,119.30
1435,478,4,4017,41,1259.26
1436,479,1,4016,16,1406.62
1437,480,1,4000,29,1795.92
1438,480,2,4016,47,1012.26
1439,480,3,4008,2,1704.29
1440,480,4,4011,20,329.83
1441,480,5,4016,34,1854.93
1442,481,1,4017,29,1082.81
1443,481,2,4005,3,647.19
1444,481,3,4020,13,179.40
1445,482,1,4005,11,1004.37
1446,483,1,4012,43,1808.59
1447,483,2,4001,38,1343.85
1448,483,3,4002,18,715.74
1449,483,4,4020,38,715.67
1450,483,5,4017,16,575.39
1451,484,1,4020,22,714.54
1452,484,2,4020,26,1283.60
1453,485,1,4013,40,1098.13
1454,485,2,4004,2,1028.28
1455,485,3,4018,36,778.01
1456,486,1,4018,41,1089.81
1457,486,2,4019,50,1073.90
1458,487,1,4016,28,524.48
1459,488,1,4009,39,855.58
1460,488,2,4007,5,1661.10
1461,488,3,4006,23,1974.40
1462,488,4,4000,46,472.97
1463,489,1,4003,12,97.14
1464,489,2,4008,26,
1465,489,3,4010,49,297.84
1466,490,1,4002,13,554.46
1467,491,1,4016,49,1794.19
1468,491,2,4001,9,1193.15
1469,491,3,4017,35,
1470,491,4,4003,10,168.44
1471,492,1,4017,21,1839.04
1472,492,2,4018,28,1081.42
1473,493,1,4009,45,886.29
1474,493,2,4010,45,189.69
1475,493,3,4005,43,256.99
1476,493,4,4012,4,1564.28
1477,494,1,4007,23,954.22
1478,495,1,4007,35,1114.93
1479,495,2,4010,27,1298.76
1480,495,3,4020,24,
1481,495,4,4008,42,1615.92
1482,495,5,4008,12,1841.81
1483,496,1,4008,40,1000.03
1484,496,2,4011,-11,1583.10
1485,496,3,4009,32,686.43
1486,496,4,4000,50,449.26
1487,496,5,4012,28,1715.50
1488,497,1,4012,41,843.28
1489,497,2,4013,41,1220.40
1490,498,1,4014,12,312.79
1491,498,2,4004,28,961.95
1492,499,1,4003,40,65.22
1493,499,2,4017,6,1945.10
1494,499,3,4017,34,
1495,500,1,4017,7,1037.38
1496,501,1,4014,13,354.05
1497,501,2,4008,1,553.66
1498,502,1,4001,41,161.52
1499,502,2,4007,14,465.33
1500,503,1,4014,23,1461.70
1501,503,2,4016,36,1639.81
1502,503,3,4016,12,255.58
1503,503,4,4001,21,730.44
1504,504,1,4014,44,516.38
1505,505,1,4006,48,401.65
1506,505,2,4015,10,1969.60
1507,505,3,4012,44,1469.55
1508,506,1,4005,16,1293.68
1509,506,2,4002,2,1666.88
1510,507,1,4019,23,1313.56
1511,507,2,4006,25,1655.14
1512,507,3,4017,3,1988.72
1513,507,4,4007,33,540.86
1514,508,1,4003,1,1842.46
1515,508,2,4016,33,1746.45
1516,508,3,4011,5,697.23
1517,509,1,4011,17,1653.45
1518,509,2,4017,45,1209.51
1519,509,3,4010,-7,1375.62
1520,510,1,4008,42,302.70
1521,510,2,4018,35,1609.77
1522,511,1,4009,33,1770.75
1523,511,2,4014,21,1409.12
1524,511,3,4019,44,759.92
1525,511,4,4006,35,768.86
1526,511,5,4018,36,1188.86
1527,512,1,4012,10,1970.81
1528,513,1,4018,37,353.08
1529,513,2,4000,36,343.89
1530,514,1,4014,15,14.20
1531,514,2,4019,28,
1532,515,1,4009,44,
1533,515,2,4007,13,1595.75
1534,515,3,4018,36,645.46
1535,515,4,4017,33,1574.48
1536,515,5,4010,42,636.58
1537,516,1,4012,-3,1469.34
1538,517,1,4018,1,1633.00
1539,517,2,4013,25,
1540,518,1,4012,43,544.66
1541,518,2,4007,24,182.22
1542,518,3,4018,-19,899.57
1543,889543,4,4017,18,944.17
1544,519,1,4018,28,412.58
1545,519,2,4016,37,327.02
1546,520,1,4015,35,1115.29
1547,520,2,4011,34,1324.22
1548,521,1,4018,24,863.22
1549,522,1,4004,-25,1193.46
1550,522,2,4020,28,1530.36
1551,889551,3,4002,34,1663.76
1552,522,4,4004,36,1524.49
1553,523,1,4015,30,1025.89
1554,524,1,4019,19,1345.22
1555,524,2,4017,12,202.18
1556,524,3,4013,10,1221.02
1557,524,4,4018,18,290.42
1558,525,1,4011,29,1417.19
1559,526,1,4001,9,1111.57
1560,526,2,4004,21,
1561,526,3,4001,24,10.12
1562,527,1,4001,41,1851.43
1563,528,1,4005,11,280.66
1564,528,2,4008,33,1124.38
1565,528,3,4016,1,976.09
1566,528,4,4013,12,531.02
1567,529,1,4000,25,1089.07
1568,530,1,4001,5,709.35
1569,530,2,4014,6,
1570,530,3,4001,7,1317.31
1571,530,4,4018,48,1894.54
1572,531,1,4000,13,930.13
1573,531,2,4002,1,520.29
1574,532,1,4020,37,1127.93
1575,532,2,4006,10,1048.59
1576,532,3,4003,27,1194.40
1577,532,4,4004,27,185.30
1578,532,5,4002,31,628.60
1579,533,1,4012,17,315.92
1580,534,1,4011,44,941.86
1581,534,2,4004,29,1530.24
1582,535,1,4013,34,1725.47
1583,535,2,4009,29,1100.43
1584,535,3,4007,35,1098.85
1585,535,4,4012,25,1597.61
1586,536,1,4008,35,674.65
1587,536,2,4011,46,726.61
1588,537,1,4017,11,373.72
1589,537,2,4009,22,655.86
1590,537,3,4002,-47,1980.32
1591,537,4,4000,7,1019.95
1592,538,1,4005,22,1411.28
1593,538,2,4010,11,818.18
1594,539,1,4004,45,1368.35
1595,539,2,4001,12,634.36
1596,539,3,4002,1,841.18
1597,540,1,4011,8,1727.02
1598,540,2,4010,42,1180.52
1599,540,3,4014,3,97.21
1600,541,1,4018,9,1105.98
1601,541,2,4002,44,65.82
1602,542,1,4009,1,582.81
1603,543,1,4001,14,
1604,544,1,4002,28,1227.03
1605,544,2,4020,35,1230.73
1606,545,1,4007,40,356.78
1607,545,2,4001,24,687.53
1608,889608,3,4000,4,978.92
1609,546,1,4017,37,1828.87
1610,546,2,4007,25,960.23
1611,546,3,4006,31,1391.83
1612,546,4,4011,43,1698.07
1613,547,1,4005,-2,986.65
1614,547,2,4002,22,443.75
1615,548,1,4009,14,633.08
1616,548,2,4018,7,516.99
1617,548,3,4003,45,445.48
1618,548,4,4013,-5,1577.04
1619,549,1,4013,23,1278.04
1620,550,1,4012,17,311.42
1621,550,2,4010,29,280.80
1622,550,3,4017,30,1754.15
1623,550,4,4018,29,1135.53
1624,550,5,4007,50,343.30
1625,551,1,4014,43,
1626,551,2,4000,24,381.21
1627,551,3,4011,45,12.18
1628,551,4,4005,11,
1629,552,1,4016,42,1453.86
1630,553,1,4003,34,
1631,554,1,4017,7,1011.23
1632,554,2,4015,36,1181.20
1633,554,3,4001,11,197.45
1634,554,4,4019,49,685.94
1635,555,1,4018,5,757.12
1636,555,2,4009,31,1609.37
1637,556,1,4005,43,1032.69
1638,557,1,4007,4,435.37
1639,558,1,4008,43,127.73
1640,558,2,4003,42,272.04
1641,559,1,4000,27,1913.55
1642,560,1,4001,48,35.96
1643,560,2,4014,18,1394.80
1644,561,1,4006,23,263.11
1645,561,2,4001,3,1521.02
1646,561,3,4011,27,402.11
1647,561,4,4011,46,469.31
1648,562,1,4000,38,1079.17
1649,562,2,4002,42,1200.45
1650,562,3,4018,31,1731.73
1651,562,4,4007,48,444.16
1652,563,1,4006,18,780.33
1653,563,2,4011,8,37.84
1654,563,3,4001,27,1815.75
1655,563,4,4012,25,794.06
1656,563,5,4008,24,613.36
1657,564,1,4009,42,1930.97
1658,564,2,4009,39,1437.39
1659,564,3,4012,42,342.88
1660,565,1,4006,28,243.77
1661,565,2,4017,27,1840.07
1662,566,1,4001,18,211.81
1663,566,2,4003,35,1898.80
1664,566,3,4002,48,821.05
1665,567,1,4007,37,534.70
1666,567,2,4005,9,1925.19
1667,567,3,4006,24,735.69
1668,567,4,4016,3,489.36
1669,567,5,4014,32,753.99
1670,568,1,4018,45,544.44
1671,568,2,4020,46,1597.00
1672,568,3,4015,22,727.38
1673,568,4,4002,18,1863.07
1674,569,1,4000,14,261.68
1675,569,2,4019,35,25.76
1676,569,3,4004,20,1631.38
1677,569,4,4014,21,748.72
1678,570,1,4004,8,486.66
1679,570,2,4012,16,1437.63
1680,571,1,4006,19,1338.72
1681,572,1,4009,11,1634.99
1682,572,2,4014,14,121.11
1683,573,1,4003,7,
1684,573,2,4003,32,1645.68
1685,574,1,4010,24,898.80
1686,575,1,4013,14,1939.23
1687,575,2,4015,33,526.93
1688,576,1,4000,8,1289.20
1689,577,1,4014,27,1751.87
1690,577,2,4006,30,1158.84
1691,577,3,4001,13,231.84
1692,577,4,4017,49,720.65
1693,577,5,4001,-5,1872.74
1694,578,1,4002,2,972.85
1695,579,1,4000,12,1328.51
1696,579,2,4006,39,1935.64
1697,579,3,4005,49,1614.18
1698,580,1,4016,13,762.39
1699,581,1,4020,12,63.31
1700,581,2,4011,32,694.50
1701,581,3,4014,43,1819.99
1702,581,4,4000,15,388.31
1703,582,1,4007,24,1385.47
1704,582,2,4001,23,461.01
1705,582,3,4016,31,1815.72
1706,583,1,4005,25,1577.95
1707,583,2,4003,13,206.35
1708,584,1,4017,42,1649.02
1709,584,2,4015,44,1924.20
1710,584,3,4017,43,1264.23
1711,585,1,4004,50,408.61
1712,585,2,4004,14,1928.70
1713,585,3,4009,11,1021.63
1714,586,1,4020,10,1980.88
1715,586,2,4019,12,1917.13
1716,586,3,4020,22,1315.62
1717,587,1,4015,16,1299.03
1718,587,2,4017,18,480.27
1719,889719,3,4002,20,1309.87
1720,587,4,4009,15,357.28
1721,588,1,4010,15,1442.99
1722,588,2,4002,47,957.53
1723,588,3,4008,12,1322.78
1724,588,4,4008,5,1535.19
1725,589,1,4006,37,191.73
1726,590,1,4000,21,998.34
1727,590,2,4002,-9,345.77
1728,590,3,4004,40,997.30
1729,590,4,4019,20,411.55
1730,590,5,4016,26,1137.39
1731,591,1,4019,14,858.46
1732,591,2,4014,50,881.32
1733,591,3,4017,22,1928.03
1734,591,4,4018,27,1682.91
1735,592,1,4006,13,192.47
1736,592,2,4005,2,1347.51
1737,592,3,4000,15,100.90
1738,593,1,4009,32,551.85
1739,593,2,4014,-31,109.38
1740,593,3,4009,26,1094.06
1741,594,1,4006,29,1847.48
1742,594,2,4010,25,858.99
1743,594,3,4006,-3,496.09
1744,594,4,4005,3,778.38
1745,594,5,4004,30,228.72
1746,595,1,4014,45,648.98
1747,595,2,4014,-47,742.33
1748,595,3,4010,27,858.87
1749,595,4,4010,40,1053.80
1750,595,5,4009,40,1845.98
1751,596,1,4009,49,1803.24
1752,596,2,4012,46,155.26
1753,596,3,4008,37,1182.29
1754,597,1,4008,38,460.57
1755,597,2,4004,2,1355.28
1756,597,3,4015,15,663.09
1757,598,1,4008,37,1071.03
1758,598,2,4018,7,
1759,599,1,4015,9,354.94
1760,599,2,4013,21,1704.74
1761,599,3,4001,24,1602.70
1762,599,4,4012,-16,610.52
1763,600,1,4011,10,454.66
1764,601,1,4012,9,416.04
1765,602,1,4015,34,789.30
1766,602,2,4019,1,866.19
1767,602,3,4008,14,529.57
1768,603,1,4011,26,178.44
1769,603,2,4005,4,600.28
1770,603,3,4009,43,76.64
1771,604,1,4014,17,
1772,604,2,4012,46,1013.83
1773,605,1,4004,2,1585.02
1774,605,2,4020,37,769.04
1775,605,3,4014,6,1944.84
1776,605,4,4004,17,84.70
1777,605,5,4005,15,1584.84
1778,606,1,4010,40,850.03
1779,606,2,4016,47,1845.34
1780,606,3,4012,10,475.21
1781,606,4,4007,37,438.90
1782,606,5,4013,13,942.21
1783,607,1,4015,24,31.31
1784,607,2,4001,40,1504.30
1785,607,3,4005,12,746.69
1786,607,4,4007,15,1116.70
1787,608,1,4017,14,1836.62
1788,609,1,4000,30,1944.69
1789,609,2,4009,6,334.46
1790,609,3,4008,4,126.39
1791,610,1,4020,30,1917.30
1792,610,2,4019,45,1651.43
1793,610,3,4017,12,109.59
1794,610,4,4002,29,1358.50
1795,610,5,4010,12,1201.61
1796,611,1,4004,26,570.68
1797,611,2,4002,16,1258.13
1798,611,3,4014,12,178.23
1799,611,4,4019,33,1396.81
1800,612,1,4015,43,1952.24
1801,613,1,4003,45,1262.27
1802,613,2,4010,38,1238.33
1803,613,3,4004,48,1530.99
1804,614,1,4000,25,507.05
1805,614,2,4010,24,307.81
1806,614,3,4006,44,1186.29
1807,614,4,4009,13,13.00
1808,615,1,4016,20,
1809,615,2,4000,32,1164.42
1810,615,3,4011,-11,754.64
1811,616,1,4008,40,633.31
1812,617,1,4019,45,800.55
1813,617,2,4015,48,474.01
1814,617,3,4013,21,328.44
1815,617,4,4004,6,705.09
1816,617,5,4009,2,1149.68
1817,618,1,4001,5,1730.72
1818,619,1,4013,38,1517.33
1819,619,2,4019,16,1443.20
1820,620,1,4008,43,367.97
1821,620,2,4006,40,1296.15
1822,620,3,4008,47,1312.86
1823,621,1,4020,35,456.65
1824,621,2,4002,6,312.16
1825,621,3,4011,24,1027.61
1826,621,4,4012,35,876.53
1827,621,5,4008,20,216.92
1828,622,1,4000,35,625.51
1829,622,2,4015,3,363.55
1830,622,3,4012,29,966.08
1831,622,4,4003,41,1892.01
1832,622,5,4019,39,267.31
1833,623,1,4000,46,1619.24
1834,623,2,4006,20,100.49
1835,624,1,4003,19,1875.95
1836,625,1,4019,31,898.56
1837,626,1,4006,40,1384.40
1838,626,2,4013,8,49.61
1839,626,3,4011,2,1492.80
1840,626,4,4003,13,1083.09
1841,626,5,4016,1,102.36
1842,627,1,4013,36,1871.28
1843,627,2,4014,40,1558.92
1844,628,1,4007,35,336.39
1845,628,2,4016,15,1116.06
1846,628,3,4015,40,1349.62
1847,628,4,4020,27,175.77
1848,629,1,4013,49,810.96
1849,629,2,4004,36,
1850,629,3,4004,43,322.13
1851,629,4,4005,7,1699.81
1852,629,5,4000,30,1459.36
1853,630,1,4011,31,198.99
1854,630,2,4020,38,1273.26
1855,630,3,4013,18,159.37
1856,630,4,4013,8,1011.30
1857,631,1,4005,35,1086.63
1858,631,2,4012,48,1981.44
1859,631,3,4005,25,1907.15
1860,631,4,4006,40,1153.74
1861,631,5,4010,20,1190.42
1862,632,1,4009,39,875.96
1863,632,2,4004,9,1219.58
1864,633,1,4018,27,1977.04
1865,633,2,4014,40,
1866,633,3,4018,20,1001.08
1867,633,4,4016,19,159.78
1868,633,5,4020,20,929.47
1869,634,1,4012,14,1167.23
1870,634,2,4019,19,1072.07
1871,889871,3,4005,11,1034.39
1872,635,1,4009,3,287.69
1873,636,1,4008,39,45.98
1874,636,2,4018,23,
1875,636,3,4017,36,1334.79
1876,636,4,4003,36,1194.06
1877,636,5,4014,36,1968.65
1878,637,1,4012,1,433.58
1879,637,2,4000,7,1740.18
1880,637,3,4014,23,203.21
1881,638,1,4016,43,1981.15
1882,638,2,4015,49,
1883,638,3,4006,11,1289.05
1884,638,4,4009,28,1378.98
1885,638,5,4012,20,511.61
1886,639,1,4011,18,1909.84
1887,639,2,4003,11,86.85
1888,639,3,4010,21,1226.45
1889,639,4,4000,28,376.63
1890,640,1,4000,16,1274.05
1891,640,2,4010,17,966.00
1892,640,3,4007,24,1205.56
1893,641,1,4010,15,983.31
1894,641,2,4019,47,212.24
1895,641,3,4002,-4,505.78
1896,641,4,4004,5,1560.47
1897,641,5,4020,41,994.36
1898,642,1,4017,47,699.55
1899,642,2,4011,21,1173.07
1900,642,3,4010,9,632.13
1901,642,4,4001,32,177.23
1902,642,5,4014,34,103.86
1903,643,1,4004,20,468.34
1904,643,2,4003,20,1062.56
1905,643,3,4014,30,1165.36
1906,643,4,4007,13,1696.34
1907,644,1,4002,33,452.27
1908,644,2,4005,5,486.90
1909,644,3,4017,28,1030.83
1910,644,4,4009,5,356.44
1911,645,1,4009,28,1371.70
1912,645,2,4015,27,1325.18
1913,645,3,4015,33,1028.65
1914,645,4,4014,13,1740.02
1915,645,5,4002,48,333.54
1916,646,1,4012,15,798.15
1917,646,2,4018,41,531.37
1918,646,3,4019,37,67.70
1919,647,1,4010,22,1159.10
1920,647,2,4009,11,179.12
1921,647,3,4016,19,596.67
1922,647,4,4014,20,1878.93
1923,647,5,4015,38,349.69
1924,648,1,4003,41,703.57
1925,648,2,4017,38,295.48
1926,648,3,4004,39,1328.52
1927,649,1,4002,34,1282.20
1928,649,2,4008,-30,663.05
1929,649,3,4015,22,1581.92
1930,650,1,4006,34,1964.26
1931,650,2,4017,-41,1061.04
1932,651,1,4017,50,499.07
1933,652,1,4019,18,
1934,653,1,4011,41,1668.46
1935,653,2,4007,21,1724.27
1936,653,3,4000,24,1659.83
1937,653,4,4010,49,
1938,653,5,4018,13,795.18
1939,654,1,4018,38,504.75
1940,654,2,4013,31,1296.17
1941,655,1,4016,37,1066.93
1942,656,1,4014,3,131.38
1943,657,1,4015,26,693.07
1944,657,2,4011,14,810.09
1945,658,1,4019,47,1141.02
1946,658,2,4013,4,1257.00
1947,658,3,4020,6,1911.70
1948,658,4,4005,22,1642.62
1949,658,5,4012,23,1755.67
1950,659,1,4005,3,1678.26
1951,659,2,4020,-30,325.23
1952,659,3,4002,25,692.80
1953,659,4,4002,25,520.29
1954,659,5,4010,3,1250.67
1955,660,1,4008,22,1638.09
1956,660,2,4017,3,1927.04
1957,661,1,4006,9,435.85
1958,662,1,4008,9,1023.13
1959,662,2,4006,30,1512.41
1960,662,3,4008,2,1154.51
1961,662,4,4000,45,1835.71
1962,663,1,4016,12,1077.80
1963,663,2,4007,30,1743.63
1964,663,3,4003,50,1499.75
1965,663,4,4017,30,401.13
1966,663,5,4008,36,1579.78
1967,664,1,4002,13,424.45
1968,665,1,4016,32,945.09
1969,665,2,4000,15,436.75
1970,665,3,4003,17,1437.75
1971,665,4,4005,23,1653.55
1972,665,5,4001,35,275.15
1973,666,1,4019,5,349.07
1974,889974,2,4008,3,718.64
1975,666,3,4008,-5,1417.48
1976,667,1,4017,37,548.74
1977,668,1,4004,4,1432.03
1978,669,1,4017,49,
1979,669,2,4013,31,785.65
1980,670,1,4004,12,165.48
1981,670,2,4006,12,537.38
1982,671,1,4009,27,1071.80
1983,671,2,4000,25,207.44
1984,672,1,4004,35,1391.97
1985,672,2,4013,50,1193.17
1986,673,1,4000,5,401.22
1987,673,2,4007,22,1213.78
1988,674,1,4006,22,
1989,674,2,4005,40,387.12
1990,675,1,4016,6,1085.67
1991,675,2,4000,31,1313.62
1992,676,1,4003,21,1422.79
1993,676,2,4015,32,342.70
1994,676,3,4004,1,619.72
1995,677,1,4011,49,1715.09
1996,677,2,4018,10,800.65
1997,678,1,4000,49,1909.16
1998,678,2,4005,38,1486.40
1999,678,3,4011,25,424.41
2000,679,1,4019,7,269.79
2001,679,2,4011,20,57.97
2002,679,3,4003,45,1084.70
2003,680,1,4002,37,646.14
2004,681,1,4019,28,815.16
2005,681,2,4016,35,518.05
2006,890006,1,4016,9,764.94
2007,682,2,4017,18,525.05
2008,682,3,4018,6,227.98
2009,682,4,4016,9,608.54
2010,683,1,4010,26,1463.42
2011,683,2,4001,15,545.34
2012,684,1,4013,11,1152.43
2013,684,2,4006,12,1712.81
2014,684,3,4011,48,1375.78
2015,684,4,4000,-22,424.19
2016,684,5,4012,36,504.85
2017,685,1,4018,16,
2018,685,2,4002,6,247.03
2019,685,3,4015,25,1485.35
2020,685,4,4018,13,1486.91
2021,686,1,4010,48,
2022,686,2,4017,20,1686.86
2023,686,3,4019,28,523.45
2024,686,4,4003,38,1371.75
2025,687,1,4019,29,201.28
2026,687,2,4018,36,1391.66
2027,688,1,4000,10,386.33
2028,688,2,4000,5,654.64
2029,688,3,4018,29,1887.46
2030,689,1,4004,26,305.06
2031,689,2,4017,18,1444.83
2032,689,3,4014,6,312.89
2033,690,1,4001,50,12.25
2034,690,2,4004,34,1775.61
2035,690,3,4009,30,1826.36
2036,890036,4,4009,11,452.32
2037,690,5,4017,6,198.46
2038,691,1,4020,7,1376.37
2039,691,2,4003,21,45.62
2040,691,3,4013,3,1207.21
2041,692,1,4000,4,1127.50
2042,693,1,4018,47,1815.68
2043,694,1,4017,5,258.94
2044,694,2,4007,46,1000.54
2045,694,3,4001,50,1827.76
2046,694,4,4007,20,1788.73
2047,695,1,4000,25,60.05
2048,695,2,4009,24,1489.61
2049,695,3,4002,32,526.35
2050,696,1,4004,27,334.73
2051,890051,2,4012,30,374.71
2052,696,3,4012,27,780.98
2053,696,4,4014,10,559.36
2054,697,1,4015,35,1713.96
2055,697,2,4011,30,1328.16
2056,697,3,4016,1,1950.18
2057,697,4,4008,37,609.66
2058,698,1,4017,20,1454.86
2059,698,2,4008,10,310.12
2060,699,1,4000,48,335.62
2061,699,2,4003,26,560.06
2062,699,3,4002,7,1228.79
2063,699,4,4009,34,505.66
2064,699,5,4016,15,1177.65
2065,700,1,4000,47,1038.47
2066,700,2,4003,26,
2067,701,1,4008,12,1632.20
2068,702,1,4009,47,1727.75
2069,703,1,4004,48,853.53
2070,703,2,4001,7,1287.30
2071,703,3,4017,13,1999.01
2072,703,4,4008,38,1825.71
2073,703,5,4003,3,427.61
2074,704,1,4020,7,997.80
2075,704,2,4012,36,1563.54
2076,705,1,4001,49,716.01
2077,705,2,4020,47,206.06
2078,706,1,4006,34,
2079,706,2,4015,29,682.02
2080,706,3,4000,11,1355.23
2081,706,4,4014,31,941.28
2082,707,1,4019,27,64.71
2083,708,1,4020,10,413.58
2084,708,2,4010,25,985.92
2085,708,3,4000,15,1757.83
2086,708,4,4011,12,1098.59
2087,709,1,4009,30,
2088,709,2,4005,13,278.56
2089,709,3,4012,8,85.72
2090,890090,1,4014,23,526.57
2091,710,2,4018,44,141.92
2092,710,3,4001,24,1879.81
2093,710,4,4002,48,819.08
2094,710,5,4020,1,29.20
2095,711,1,4003,50,1565.72
2096,711,2,4009,40,452.04
2097,711,3,4013,33,56.93
2098,711,4,4001,39,
2099,711,5,4017,10,1824.07
2100,712,1,4019,45,1428.70
2101,712,2,4003,22,1104.40
2102,712,3,4015,49,1002.35
2103,712,4,4010,33,1174.56
2104,713,1,4004,16,648.69
2105,713,2,4003,35,1812.61
2106,713,3,4010,9,750.51
2107,713,4,4019,24,759.00
2108,714,1,4013,11,772.87
2109,714,2,4014,49,1981.64
2110,714,3,4006,30,722.63
2111,714,4,4020,4,933.05
2112,715,1,4006,35,1507.75
2113,890113,2,4005,7,620.72
2114,715,3,4014,29,155.06
2115,715,4,4012,43,109.12
2116,716,1,4009,26,1788.07
2117,716,2,4012,3,862.94
2118,716,3,4006,44,961.69
2119,716,4,4004,22,1101.49
2120,716,5,4015,23,443.60
2121,717,1,4016,4,1346.93
2122,717,2,4011,26,475.17
2123,717,3,4019,50,21.99
2124,717,4,4010,50,408.03
2125,890125,5,4006,39,863.84
2126,718,1,4015,27,1476.12
2127,718,2,4000,46,516.84
2128,718,3,4006,16,1058.67
2129,719,1,4005,48,916.33
2130,719,2,4014,12,302.98
2131,719,3,4003,24,985.29
2132,719,4,4011,28,1561.08
2133,720,1,4011,19,1109.45
2134,721,1,4005,7,
2135,721,2,4018,-12,368.56
2136,722,1,4008,1,1958.80
2137,722,2,4014,32,130.49
2138,722,3,4002,30,1521.35
2139,722,4,4000,26,896.84
2140,722,5,4005,3,404.59
2141,723,1,4005,18,455.51
2142,723,2,4000,37,892.77
2143,723,3,4010,35,1130.02
2144,724,1,4017,4,706.09
2145,724,2,4014,21,1211.21
2146,724,3,4005,45,1518.64
2147,725,1,4018,8,452.20
2148,725,2,4020,28,1662.59
2149,725,3,4011,22,912.70
2150,725,4,4000,14,536.90
2151,725,5,4000,29,1016.27
2152,726,1,4005,48,733.14
2153,726,2,4005,3,1333.56
2154,726,3,4009,39,380.48
2155,726,4,4018,16,566.19
2156,727,1,4000,12,703.51
2157,727,2,4020,11,143.80
2158,728,1,4010,23,128.17
2159,728,2,4012,19,1438.65
2160,728,3,4006,38,1113.22
2161,729,1,4007,13,498.75
2162,729,2,4000,26,1188.27
2163,729,3,4004,23,1483.43
2164,729,4,4010,18,190.03
2165,729,5,4004,49,632.98
2166,730,1,4014,8,1934.29
2167,731,1,4019,38,328.51
2168,731,2,4010,50,1285.43
2169,731,3,4002,40,204.60
2170,732,1,4008,7,471.92
2171,732,2,4008,31,1338.88
2172,733,1,4003,7,
2173,733,2,4017,29,
2174,733,3,4003,18,283.48
2175,890175,4,4003,5,468.24
2176,734,1,4007,14,287.75
2177,734,2,4014,43,1039.68
2178,734,3,4008,41,937.61
2179,735,1,4020,10,1008.42
2180,735,2,4000,44,1864.22
2181,736,1,4018,50,990.35
2182,736,2,4017,13,1762.45
2183,736,3,4010,28,722.36
2184,737,1,4016,46,586.77
2185,737,2,4006,22,1573.36
2186,737,3,4015,48,1945.59
2187,737,4,4015,9,352.08
2188,738,1,4020,43,344.88
2189,738,2,4005,21,169.50
2190,739,1,4020,12,27.16
2191,739,2,4013,26,1767.02
2192,740,1,4005,38,1762.82
2193,740,2,4019,11,554.32
2194,741,1,4014,1,1313.70
2195,742,1,4001,9,10.49
2196,743,1,4001,24,378.37
2197,743,2,4018,2,1232.90
2198,743,3,4005,15,1528.40
2199,743,4,4000,20,196.36
2200,743,5,4015,45,1930.53
2201,744,1,4001,21,806.46
2202,745,1,4011,28,787.94
2203,745,2,4013,-1,657.87
2204,745,3,4003,6,856.97
2205,745,4,4020,14,1773.26
2206,746,1,4006,17,195.38
2207,746,2,4006,46,704.44
2208,746,3,4015,30,945.04
2209,746,4,4008,27,1506.58
2210,746,5,4013,39,1251.11
2211,747,1,4002,31,686.96
2212,748,1,4005,40,385.68
2213,748,2,4015,19,896.14
2214,748,3,4016,11,697.25
2215,890215,4,4011,25,902.78
2216,749,1,4013,50,1493.26
2217,749,2,4013,36,568.94
2218,749,3,4019,47,
2219,750,1,4008,15,681.06
2220,750,2,4019,12,1454.96
2221,750,3,4002,2,74.68
2222,751,1,4003,44,616.40
2223,751,2,4006,19,1015.33
2224,751,3,4020,30,1458.21
2225,752,1,4012,27,834.05
2226,752,2,4002,49,1111.37
2227,752,3,4016,24,1765.71
2228,753,1,4005,37,129.02
2229,753,2,4014,37,32.08
2230,753,3,4011,42,
2231,753,4,4007,27,862.53
2232,753,5,4012,29,855.36
2233,754,1,4003,42,429.87
2234,754,2,4015,36,374.24
2235,754,3,4014,37,1554.44
2236,754,4,4019,33,867.51
2237,755,1,4005,25,418.44
2238,756,1,4000,45,1697.16
2239,756,2,4020,48,1599.65
2240,756,3,4008,20,286.61
2241,756,4,4012,42,850.95
2242,756,5,4001,44,69.18
2243,757,1,4000,26,1159.98
2244,758,1,4019,13,1164.63
2245,758,2,4003,6,1137.63
2246,758,3,4007,36,1407.83
2247,758,4,4009,30,1477.70
2248,759,1,4018,17,1178.75
2249,759,2,4007,35,1333.09
2250,890250,3,4009,21,1979.24
2251,759,4,4012,23,1224.89
2252,759,5,4000,39,1237.69
2253,760,1,4017,17,1065.70
2254,760,2,4004,33,563.09
2255,760,3,4013,45,1483.36
2256,761,1,4008,33,21.10
2257,761,2,4001,43,236.66
2258,761,3,4004,7,1703.32
2259,761,4,4001,42,663.85
2260,762,1,4001,31,1202.16
2261,763,1,4002,4,1031.22
2262,763,2,4017,30,308.94
2263,763,3,4010,12,1543.08
2264,763,4,4016,49,
2265,764,1,4002,22,375.86
2266,764,2,4019,5,14.34
2267,764,3,4000,25,351.27
2268,764,4,4014,36,
2269,764,5,4008,4,1610.88
2270,765,1,4020,18,1608.11
2271,765,2,4000,17,1048.62
2272,765,3,4004,6,1474.21
2273,890273,1,4002,11,754.13
2274,766,2,4008,10,922.47
2275,766,3,4019,37,1647.61
2276,767,1,4012,42,11.53
2277,767,2,4011,21,1532.06
2278,767,3,4017,15,855.58
2279,890279,4,4007,29,1559.98
2280,768,1,4011,45,1755.59
2281,768,2,4012,46,1996.17
2282,768,3,4012,27,403.20
2283,768,4,4009,26,1212.59
2284,769,1,4005,5,1167.14
2285,769,2,4005,9,1903.12
2286,769,3,4012,11,1131.71
2287,769,4,4006,5,1897.77
2288,769,5,4004,23,1970.68
2289,770,1,4017,48,1903.18
2290,770,2,4015,48,1945.35
2291,890291,3,4003,29,750.62
2292,770,4,4008,16,353.61
2293,770,5,4006,39,200.33
2294,890294,1,4002,6,
2295,771,2,4012,19,1308.22
2296,771,3,4009,10,1451.51
2297,771,4,4018,48,461.39
2298,771,5,4015,5,245.24
2299,772,1,4019,10,1688.80
2300,772,2,4004,35,661.18
2301,772,3,4001,19,665.72
2302,773,1,4013,12,1664.99
2303,773,2,4019,28,1602.80
2304,773,3,4017,26,1876.01
2305,773,4,4000,3,1716.04
2306,890306,5,4019,6,735.35
2307,774,1,4004,27,1057.12
2308,774,2,4000,49,1831.55
2309,774,3,4005,20,1879.36
2310,774,4,4010,21,154.36
2311,775,1,4002,-7,997.44
2312,775,2,4018,32,705.73
2313,775,3,4019,49,1932.34
2314,775,4,4015,48,1199.26
2315,776,1,4009,14,387.86
2316,776,2,4015,18,580.36
2317,777,1,4007,2,1917.95
2318,777,2,4015,21,1846.78
2319,777,3,4020,27,1557.01
2320,777,4,4002,3,1379.24
2321,778,1,4002,45,1318.25
2322,778,2,4002,18,393.25
2323,778,3,4002,36,1022.68
2324,778,4,4008,47,199.92
2325,779,1,4001,26,505.26
2326,890326,2,4007,42,950.86
2327,779,3,4000,1,644.68
2328,779,4,4002,49,1847.01
2329,779,5,4001,-35,425.92
2330,780,1,4008,33,1643.33
2331,780,2,4000,41,1490.05
2332,781,1,4012,26,1220.08
2333,781,2,4007,19,1421.50
2334,782,1,4014,47,408.17
2335,782,2,4013,20,51.12
2336,782,3,4001,32,1442.47
2337,783,1,4002,11,1362.20
2338,783,2,4007,35,1646.43
2339,783,3,4012,6,1364.69
2340,783,4,4010,7,1078.86
2341,783,5,4020,11,489.53
2342,784,1,4004,3,915.10
2343,890343,2,4015,2,1205.23
2344,784,3,4001,18,564.25
2345,784,4,4006,35,1361.03
2346,785,1,4018,29,585.66
2347,786,1,4012,47,551.88
2348,786,2,4018,27,820.82
2349,786,3,4012,25,732.97
2350,787,1,4014,48,42.72
2351,788,1,4001,14,1038.70
2352,890352,1,4001,16,797.66
2353,789,2,4008,9,1775.33
2354,789,3,4001,1,
2355,789,4,4000,38,338.17
2356,790,1,4014,24,1220.54
2357,790,2,4003,49,940.31
2358,791,1,4017,42,1938.66
2359,791,2,4015,28,1727.45
2360,791,3,4004,19,523.00
2361,791,4,4009,3,1496.86
2362,791,5,4003,22,190.22
2363,792,1,4009,39,1262.21
2364,792,2,4011,49,1960.90
2365,792,3,4012,10,1236.90
2366,792,4,4004,1,1625.12
2367,792,5,4020,20,
2368,793,1,4002,49,
2369,793,2,4000,24,64.07
2370,794,1,4003,29,1454.41
2371,795,1,4005,28,1057.85
2372,795,2,4018,17,426.29
2373,795,3,4006,17,757.00
2374,796,1,4001,44,1391.85
2375,797,1,4016,47,1149.61
2376,797,2,4012,41,801.74
2377,797,3,4006,38,666.89
2378,798,1,4017,46,535.05
2379,798,2,4015,1,942.73
2380,798,3,4020,31,186.52
2381,799,1,4006,37,60.81
2382,800,1,4004,10,1211.37
2383,800,2,4017,14,1722.62
2384,801,1,4014,21,336.09
2385,801,2,4015,25,1191.54
2386,802,1,4020,40,327.31
2387,802,2,4008,10,484.21
2388,803,1,4008,5,385.91
2389,804,1,4016,9,600.88
2390,804,2,4010,10,28.09
2391,804,3,4001,6,544.77
2392,805,1,4007,21,1382.56
2393,805,2,4007,-8,1436.08
2394,805,3,4004,14,376.77
2395,805,4,4013,9,940.20
2396,806,1,4015,45,1910.33
2397,806,2,4007,2,891.47
2398,806,3,4009,25,676.77
2399,806,4,4009,9,178.78
2400,806,5,4013,47,1796.64
2401,807,1,4018,49,342.34
2402,807,2,4007,1,865.10
2403,807,3,4012,46,1611.65
2404,807,4,4010,17,1460.57
2405,808,1,4018,32,425.64
2406,808,2,4008,45,1361.99
2407,808,3,4001,39,522.80
2408,890408,4,4009,38,1778.60
2409,808,5,4013,39,1327.06
2410,809,1,4012,14,1493.15
2411,809,2,4017,7,322.33
2412,809,3,4017,42,1735.38
2413,810,1,4013,15,18.13
2414,810,2,4018,48,1839.22
2415,810,3,4020,34,615.33
2416,811,1,4016,22,927.58
2417,811,2,4016,50,291.27
2418,812,1,4002,42,666.36
2419,812,2,4008,25,775.00
2420,812,3,4019,37,807.62
2421,812,4,4010,35,1937.39
2422,812,5,4012,33,893.21
2423,813,1,4014,44,1942.42
2424,813,2,4018,10,1609.93
2425,814,1,4011,27,
2426,814,2,4015,21,1371.92
2427,815,1,4003,26,1505.70
2428,815,2,4016,12,
2429,815,3,4004,29,1575.92
2430,815,4,4010,19,721.25
2431,815,5,4016,7,1784.63
2432,816,1,4006,40,599.25
2433,890433,2,4007,13,1825.18
2434,816,3,4007,21,1735.85
2435,816,4,4004,27,1764.97
2436,816,5,4010,14,828.31
2437,817,1,4008,35,1074.00
2438,818,1,4002,14,1160.99
2439,819,1,4015,31,1737.33
2440,819,2,4006,9,679.90
2441,819,3,4001,24,
2442,819,4,4009,30,1509.49
2443,819,5,4007,33,38.18
2444,820,1,4017,17,1777.66
2445,820,2,4008,3,
2446,820,3,4002,18,1745.11
2447,820,4,4008,23,1204.92
2448,820,5,4001,40,44.95
2449,821,1,4013,7,885.64
2450,821,2,4002,30,736.95
2451,822,1,4006,28,1986.93
2452,822,2,4020,1,1511.68
2453,822,3,4018,34,1395.70
2454,822,4,4013,27,1296.94
2455,822,5,4008,2,727.58
2456,823,1,4014,30,966.33
2457,823,2,4020,13,774.06
2458,824,1,4002,24,1625.81
2459,825,1,4011,35,596.85
2460,825,2,4013,22,834.50
2461,825,3,4003,10,925.73
2462,825,4,4005,29,
2463,826,1,4013,31,1150.69
2464,826,2,4014,21,1747.11
2465,827,1,4010,43,568.33
2466,828,1,4018,5,895.89
2467,828,2,4001,34,1638.90
2468,828,3,4010,29,930.91
2469,829,1,4020,39,1166.25
2470,829,2,4016,25,1655.28
2471,829,3,4015,29,1055.00
2472,829,4,4003,26,483.21
2473,830,1,4017,2,674.14
2474,830,2,4012,7,1138.47
2475,830,3,4000,42,205.60
2476,830,4,4019,42,24.02
2477,830,5,4004,3,103.68
2478,831,1,4016,36,1111.03
2479,831,2,4001,43,878.95
2480,831,3,4019,16,98.04
2481,831,4,4006,27,1568.05
2482,831,5,4003,22,897.72
2483,832,1,4001,43,443.86
2484,832,2,4004,44,643.40
2485,833,1,4008,34,1210.97
2486,834,1,4002,17,741.61
2487,834,2,4003,20,1776.65
2488,834,3,4001,49,461.38
2489,835,1,4017,26,893.50
2490,835,2,4014,39,84.57
2491,836,1,4009,29,1748.68
2492,836,2,4015,50,720.75
2493,836,3,4013,37,59.23
2494,836,4,4006,47,1908.02
2495,836,5,4006,9,964.73
2496,837,1,4019,23,1001.46
2497,838,1,4006,43,217.88
2498,838,2,4009,46,1134.22
2499,839,1,4011,15,607.17
2500,839,2,4013,5,1257.39
2501,840,1,4015,2,1821.66
2502,840,2,4018,46,361.61
2503,840,3,4019,23,1304.10
2504,840,4,4005,8,889.49
2505,841,1,4009,33,814.93
2506,842,1,4001,15,606.71
2507,843,1,4000,17,414.76
2508,843,2,4012,48,1187.07
2509,843,3,4000,19,1993.87
2510,843,4,4000,10,1706.96
2511,843,5,4017,37,1174.43
2512,844,1,4013,27,924.76
2513,844,2,4012,27,165.14
2514,845,1,4004,18,1900.76
2515,845,2,4001,9,1957.91
2516,846,1,4015,14,1944.18
2517,847,1,4010,40,196.64
2518,847,2,4000,10,559.40
2519,847,3,4009,40,498.17
2520,848,1,4001,24,621.27
2521,848,2,4002,8,500.20
2522,848,3,4019,37,1503.37
2523,848,4,4014,41,1169.47
2524,849,1,4017,17,604.27
2525,849,2,4006,-21,366.01
2526,849,3,4015,18,1851.47
2527,890527,4,4015,10,1822.10
2528,850,1,4002,15,1851.05
2529,850,2,4002,24,591.90
2530,851,1,4010,17,1180.84
2531,852,1,4009,5,1379.53
2532,852,2,4001,16,1304.76
2533,853,1,4007,24,128.95
2534,853,2,4008,6,1168.77
2535,853,3,4000,15,1074.37
2536,853,4,4012,32,164.46
2537,853,5,4001,41,852.26
2538,854,1,4018,42,1677.33
2539,854,2,4008,43,1849.75
2540,854,3,4006,12,400.39
2541,854,4,4010,4,1009.38
2542,855,1,4003,44,1663.58
2543,856,1,4008,-10,823.63
2544,856,2,4012,21,
2545,856,3,4004,28,419.56
2546,857,1,4004,18,1982.52
2547,857,2,4003,12,103.91
2548,858,1,4009,49,160.30
2549,858,2,4005,14,211.05
2550,858,3,4019,34,1945.99
2551,858,4,4006,17,1721.24
2552,858,5,4014,20,805.46
2553,859,1,4005,1,1171.46
2554,859,2,4014,48,1622.38
2555,859,3,4018,41,1253.95
2556,859,4,4011,36,727.44
2557,860,1,4012,50,1379.83
2558,860,2,4012,24,1129.81
2559,860,3,4013,11,500.11
2560,860,4,4007,27,540.54
2561,861,1,4008,38,326.92
2562,861,2,4017,49,1442.16
2563,861,3,4018,38,1402.42
2564,861,4,4012,36,1498.40
2565,862,1,4014,38,215.48
2566,862,2,4007,42,842.51
2567,862,3,4016,21,1880.97
2568,862,4,4012,48,
2569,863,1,4017,10,946.07
2570,863,2,4016,43,201.40
2571,863,3,4014,6,1794.91
2572,863,4,4012,-6,56.01
2573,890573,5,4003,4,340.43
2574,864,1,4000,35,1630.89
2575,864,2,4004,36,779.33
2576,864,3,4014,8,802.48
2577,865,1,4020,12,563.16
2578,865,2,4006,11,1408.04
2579,865,3,4018,39,286.00
2580,865,4,4016,41,32.58
2581,866,1,4009,43,1287.64
2582,867,1,4017,30,825.90
2583,867,2,4012,15,449.14
2584,867,3,4007,7,1572.68
2585,867,4,4006,37,1465.45
2586,867,5,4013,15,1944.40
2587,868,1,4009,43,1914.42
2588,868,2,4001,3,1095.54
2589,868,3,4008,5,992.31
2590,868,4,4018,35,806.91
2591,869,1,4001,-50,1698.36
2592,870,1,4012,34,1764.58
2593,870,2,4001,35,1498.50
2594,871,1,4010,19,1910.00
2595,871,2,4006,20,1777.43
2596,872,1,4018,28,961.33
2597,873,1,4003,14,770.49
2598,874,1,4009,32,1755.04
2599,875,1,4016,9,933.22
2600,876,1,4020,42,193.11
2601,876,2,4019,20,1818.19
2602,876,3,4009,14,958.11
2603,876,4,4001,28,152.78
2604,876,5,4003,41,1233.19
2605,877,1,4001,19,1286.42
2606,877,2,4013,5,173.98
2607,877,3,4017,39,1931.97
2608,877,4,4020,17,680.90
2609,877,5,4009,32,
2610,878,1,4019,47,1869.13
2611,878,2,4009,18,1830.65
2612,878,3,4011,33,1899.78
2613,878,4,4011,7,1261.05
2614,879,1,4005,14,1558.81
2615,879,2,4020,29,181.98
2616,890616,3,4000,24,61.52
2617,879,4,4003,43,595.18
2618,880,1,4005,1,762.37
2619,880,2,4000,17,1403.86
2620,881,1,4008,41,829.58
2621,882,1,4016,32,290.03
2622,883,1,4017,8,1587.56
2623,884,1,4010,12,
2624,884,2,4001,10,722.25
2625,885,1,4003,18,1455.32
2626,886,1,4000,24,212.54
2627,886,2,4004,50,644.18
2628,890628,1,4013,50,1188.18
2629,887,2,4017,19,1403.42
2630,888,1,4000,39,
2631,889,1,4010,2,213.63
2632,890,1,4016,20,672.50
2633,890,2,4013,49,1860.37
2634,891,1,4020,19,1261.33
2635,891,2,4011,33,1853.41
2636,891,3,4007,32,1122.90
2637,891,4,4019,30,1548.49
2638,892,1,4018,17,1808.68
2639,892,2,4015,1,670.55
2640,892,3,4008,24,619.06
2641,892,4,4013,12,1475.78
2642,893,1,4017,41,603.09
2643,893,2,4014,-28,142.69
2644,893,3,4002,16,1514.73
2645,893,4,4017,26,893.88
2646,893,5,4020,5,1798.85
2647,894,1,4020,33,963.03
2648,895,1,4005,26,609.58
2649,895,2,4007,21,1625.07
2650,895,3,4001,48,508.56
2651,895,4,4010,18,1421.78
2652,895,5,4010,16,802.66
2653,896,1,4015,19,
2654,896,2,4001,37,39.74
2655,896,3,4010,16,433.66
2656,896,4,4010,44,724.08
2657,897,1,4004,9,460.46
2658,897,2,4002,39,375.80
2659,897,3,4004,29,975.89
2660,897,4,4003,2,820.47
2661,897,5,4006,23,1184.78
2662,898,1,4006,1,1972.54
2663,898,2,4011,8,1176.88
2664,898,3,4003,1,99.72
2665,898,4,4019,37,494.60
2666,899,1,4018,6,14.10
2667,899,2,4012,42,207.91
2668,899,3,4011,46,568.74
2669,899,4,4019,23,625.12
2670,900,1,4006,-15,1589.90
2671,900,2,4014,9,174.86
2672,901,1,4007,50,669.68
2673,901,2,4011,-29,1482.78
2674,901,3,4014,13,1401.61
2675,901,4,4005,32,847.23
2676,901,5,4018,43,1793.70
2677,902,1,4013,36,1403.58
2678,902,2,4002,43,1445.51
2679,903,1,4020,26,1098.72
2680,904,1,4015,41,677.25
2681,904,2,4020,8,1175.69
2682,904,3,4015,34,1297.77
2683,904,4,4001,6,1693.15
2684,905,1,4017,48,1662.05
2685,906,1,4008,45,494.15
2686,906,2,4019,28,1320.82
2687,906,3,4003,14,962.71
2688,906,4,4018,32,411.39
2689,906,5,4001,5,688.25
2690,907,1,4011,7,1337.92
2691,908,1,4007,45,592.75
2692,908,2,4011,24,297.55
2693,909,1,4012,16,1670.50
2694,909,2,4018,40,827.36
2695,910,1,4003,11,1630.15
2696,910,2,4018,2,1254.69
2697,910,3,4003,9,843.43
2698,910,4,4014,10,117.93
2699,911,1,4000,46,1198.58
2700,911,2,4004,40,1557.48
2701,911,3,4011,5,229.39
2702,911,4,4017,1,1576.97
2703,912,1,4004,19,1945.21
2704,913,1,4006,8,589.70
2705,913,2,4004,15,1064.10
2706,913,3,4001,50,894.97
2707,914,1,4012,45,640.15
2708,914,2,4004,50,33.38
2709,914,3,4004,34,18.65
2710,914,4,4016,2,1683.61
2711,914,5,4017,19,544.16
2712,915,1,4012,14,432.91
2713,915,2,4019,2,1023.92
2714,916,1,4010,32,1279.89
2715,916,2,4019,41,1217.11
2716,916,3,4001,-9,1970.89
2717,916,4,4002,8,299.69
2718,917,1,4002,14,1651.49
2719,917,2,4016,7,590.63
2720,917,3,4006,46,1419.88
2721,917,4,4009,34,1158.38
2722,917,5,4011,17,131.89
2723,918,1,4006,25,686.46
2724,918,2,4009,34,215.03
2725,918,3,4000,30,1016.31
2726,918,4,4003,7,1037.48
2727,919,1,4004,29,81.82
2728,919,2,4017,30,1317.55
2729,919,3,4011,42,972.63
2730,919,4,4003,34,854.34
2731,920,1,4016,37,1654.94
2732,921,1,4010,43,833.51
2733,921,2,4011,2,1958.29
2734,922,1,4011,5,849.74
2735,922,2,4016,16,486.44
2736,922,3,4015,11,781.91
2737,922,4,4013,22,142.41
2738,922,5,4006,28,1213.46
2739,923,1,4005,10,688.54
2740,924,1,4010,49,1189.13
2741,924,2,4004,5,1623.90
2742,924,3,4017,34,606.65
2743,924,4,4015,30,
2744,925,1,4005,47,1281.43
2745,925,2,4003,31,943.59
2746,926,1,4020,49,289.02
2747,927,1,4002,25,1562.66
2748,927,2,4006,10,1656.29
2749,927,3,4011,19,982.83
2750,927,4,4015,48,1699.04
2751,927,5,4003,7,1670.10
2752,928,1,4011,38,225.59
2753,928,2,4019,50,1541.63
2754,928,3,4008,47,1052.79
2755,928,4,4009,-2,1429.67
2756,928,5,4014,9,765.93
2757,929,1,4008,13,372.77
2758,929,2,4009,16,1409.81
2759,929,3,4020,31,848.45
2760,929,4,4003,38,1816.67
2761,929,5,4000,3,1420.59
2762,930,1,4008,3,703.81
2763,930,2,4006,30,1199.77
2764,930,3,4002,15,1020.12
2765,930,4,4008,39,574.54
2766,930,5,4020,25,1793.53
2767,931,1,4002,19,487.73
2768,931,2,4016,32,1636.40
2769,931,3,4005,10,1082.06
2770,931,4,4004,47,
2771,932,1,4000,35,108.76
2772,933,1,4004,6,1123.36
2773,933,2,4020,32,807.28
2774,933,3,4020,45,1976.82
2775,934,1,4002,25,1527.63
2776,934,2,4018,4,85.06
2777,935,1,4009,5,1046.87
2778,935,2,4010,35,355.25
2779,936,1,4001,5,1762.75
2780,936,2,4014,40,108.24
2781,936,3,4020,27,492.46
2782,937,1,4013,33,173.87
2783,938,1,4014,5,1968.44
2784,938,2,4007,45,1540.52
2785,938,3,4017,5,1727.70
2786,938,4,4015,14,
2787,938,5,4017,13,1241.28
2788,939,1,4013,8,288.46
2789,939,2,4015,47,1298.80
2790,939,3,4004,28,1734.88
2791,939,4,4013,43,1622.88
2792,939,5,4020,35,1332.95
2793,940,1,4005,50,331.32
2794,940,2,4000,12,875.61
2795,940,3,4012,37,397.49
2796,940,4,4017,21,1105.09
2797,941,1,4017,1,1165.75
2798,941,2,4013,7,689.38
2799,941,3,4006,21,1673.53
2800,941,4,4002,36,
2801,941,5,4012,46,588.91
2802,942,1,4018,31,385.06
2803,942,2,4002,23,708.33
2804,942,3,4020,42,1954.22
2805,943,1,4020,50,1439.61
2806,943,2,4020,12,899.94
2807,943,3,4018,30,1256.65
2808,944,1,4002,2,1464.86
2809,944,2,4018,42,1672.87
2810,945,1,4007,26,1205.45
2811,890811,1,4005,27,1643.47
2812,890812,2,4004,-3,1904.93
2813,947,1,4018,12,1305.90
2814,947,2,4000,29,944.45
2815,947,3,4020,45,994.69
2816,948,1,4015,20,1330.06
2817,948,2,4011,17,767.05
2818,948,3,4002,42,1880.09
2819,949,1,4013,25,1793.68
2820,949,2,4016,23,1033.09
2821,949,3,4011,13,1127.51
2822,950,1,4012,28,1710.81
2823,950,2,4014,20,
2824,950,3,4009,31,947.29
2825,950,4,4017,16,1768.81
2826,950,5,4013,14,1301.17
2827,951,1,4009,45,1075.79
2828,951,2,4017,21,728.74
2829,951,3,4006,18,338.72
2830,951,4,4001,18,1971.77
2831,951,5,4018,45,462.28
2832,952,1,4000,18,1844.95
2833,952,2,4011,16,66.87
2834,952,3,4009,8,1356.40
2835,953,1,4007,2,1919.25
2836,953,2,4007,5,933.35
2837,953,3,4002,15,1244.68
2838,954,1,4005,8,1317.07
2839,955,1,4012,23,926.83
2840,955,2,4015,12,694.45
2841,955,3,4010,15,1112.47
2842,955,4,4020,6,1515.63
2843,956,1,4009,38,196.60
2844,957,1,4013,23,1371.68
2845,957,2,4007,9,1092.19
2846,957,3,4010,29,199.98
2847,958,1,4013,24,1441.09
2848,958,2,4016,17,355.86
2849,958,3,4018,8,1569.24
2850,958,4,4013,40,853.55
2851,959,1,4002,2,477.39
2852,959,2,4010,28,1882.64
2853,960,1,4013,38,1836.19
2854,960,2,4006,29,1609.62
2855,960,3,4001,18,1657.29
2856,960,4,4004,20,1701.92
2857,960,5,4001,4,1219.54
2858,961,1,4015,36,1447.48
2859,961,2,4002,24,888.71
2860,962,1,4006,46,1185.04
2861,963,1,4019,34,414.22
2862,964,1,4005,15,178.27
2863,964,2,4010,43,972.78
2864,964,3,4014,2,1369.81
2865,965,1,4014,9,1566.70
2866,965,2,4019,14,1023.37
2867,965,3,4004,6,1465.00
2868,965,4,4010,11,1104.39
2869,965,5,4000,29,926.41
2870,966,1,4009,9,1368.06
2871,966,2,4006,23,1483.57
2872,966,3,4000,4,
2873,967,1,4017,50,1487.38
2874,967,2,4001,40,433.96
2875,968,1,4020,39,805.53
2876,968,2,4008,50,26.93
2877,969,1,4004,44,1362.05
2878,969,2,4007,16,1087.99
2879,969,3,4010,36,898.35
2880,969,4,4005,7,568.83
2881,970,1,4007,1,1075.48
2882,970,2,4012,12,1104.84
2883,971,1,4007,8,1277.98
2884,971,2,4015,35,1338.45
2885,971,3,4009,16,1204.46
2886,971,4,4004,42,969.46
2887,971,5,4000,6,1437.37
2888,972,1,4020,8,545.30
2889,972,2,4000,43,1217.25
2890,972,3,4002,34,1531.85
2891,972,4,4013,40,1288.74
2892,973,1,4019,31,796.90
2893,973,2,4003,12,1002.05
2894,973,3,4013,45,1007.04
2895,973,4,4012,16,807.58
2896,973,5,4006,50,
2897,974,1,4001,7,1693.67
2898,974,2,4009,11,442.66
2899,974,3,4012,43,147.01
2900,974,4,4003,12,417.54
2901,975,1,4003,30,202.56
2902,976,1,4013,12,461.26
2903,976,2,4012,14,837.16
2904,976,3,4015,21,1954.15
2905,890905,1,4008,14,1121.88
2906,978,1,4007,15,1210.67
2907,978,2,4004,45,1533.36
2908,978,3,4005,50,1975.78
2909,978,4,4001,31,772.77
2910,978,5,4002,17,1488.23
2911,979,1,4006,29,1031.99
2912,979,2,4012,2,237.28
2913,979,3,4019,42,1656.49
2914,979,4,4015,47,1457.09
2915,979,5,4004,19,903.10
2916,980,1,4013,32,565.53
2917,981,1,4000,34,1110.25
2918,981,2,4010,28,430.41
2919,981,3,4005,27,198.48
2920,982,1,4013,30,739.38
2921,982,2,4017,7,617.13
2922,982,3,4018,33,1152.18
2923,982,4,4005,42,1174.64
2924,890924,5,4002,45,1529.58
2925,983,1,4007,32,1592.74
2926,983,2,4015,45,1842.64
2927,983,3,4001,40,665.55
2928,983,4,4019,20,1671.24
2929,984,1,4013,48,1036.62
2930,984,2,4004,16,1834.97
2931,984,3,4004,31,1998.39
2932,985,1,4019,50,690.63
2933,985,2,4008,45,652.12
2934,985,3,4005,32,1797.08
2935,986,1,4019,26,251.81
2936,986,2,4008,17,204.36
2937,987,1,4000,15,785.33
2938,987,2,4019,50,1199.65
2939,987,3,4018,3,863.01
2940,988,1,4019,30,562.35
2941,988,2,4006,39,1408.21
2942,988,3,4002,22,1523.27
2943,988,4,4013,5,439.43
2944,988,5,4009,-29,1387.90
2945,989,1,4008,46,618.20
2946,990,1,4001,45,1760.32
2947,991,1,4000,44,377.81
2948,991,2,4005,7,208.76
2949,991,3,4000,19,1109.97
2950,991,4,4019,11,496.85
2951,992,1,4016,29,1406.09
2952,992,2,4019,28,1959.95
2953,992,3,4019,37,624.77
2954,993,1,4010,13,646.64
2955,994,1,4002,44,121.05
2956,995,1,4018,2,643.43
2957,996,1,4012,12,1914.05
2958,996,2,4005,28,1873.72
2959,996,3,4002,37,471.11
2960,996,4,4000,5,1088.11
2961,996,5,4020,40,1569.05
2962,997,1,4008,-19,855.03
2963,997,2,4007,27,1613.85
2964,998,1,4012,17,748.14
2965,998,2,4011,28,516.26
2966,999,1,4004,12,1457.64
2967,999,2,4000,36,51.44
2968,999,3,4016,37,334.55
2969,1000,1,4000,24,1759.48
2970,1000,2,4009,16,1615.27
2971,1000,3,4010,21,1205.87
2972,1000,4,4001,3,257.96
2973,1000,5,4014,49,1181.52
