PaymentID,InvoiceID,PaymentDate,Amount,Currency,PaymentMethod
1,1,2025-10-16,1431.91,CAD,Check
2,2,2025-10-17,86283.86,CAD,Check
3,4,2025-01-10,44670.51,AUD,SEPA
4,5,2025-12-08,53527.62,CAD,Check
5,6,2025-06-25,23997.73,GBP,Wire
6,7,2025-05-04,0.00,USD,SEPA
7,8,2025-09-30,125500.75,EUR,Check
8,9,2025-05-28,75546.45,CAD,Check
9,10,2025-11-06,64748.56,EUR,Card
10,11,2025-07-25,109221.60,JPY,Card
11,12,2026-02-09,244336.23,AUD,SEPA
12,13,2025-02-11,74823.39,USD,Wire
13,14,2025-08-23,21857.53,USD,Wire
14,15,2025-04-04,31364.18,AUD,Wire
15,16,2025-04-05,42216.38,CAD,Wire
16,17,2025-07-25,23729.65,USD,SEPA
17,18,2025-07-02,76581.40,AUD,Check
18,19,2025-06-14,4744.33,AUD,Check
19,20,2025-11-28,21877.59,CAD,Card
20,21,2025-11-15,51710.10,GBP,Wire
21,22,2025-09-10,111425.71,GBP,ACH
22,24,2025-03-24,3216.66,JPY,SEPA
23,25,2025-11-29,135423.55,JPY,Card
24,28,2025-06-24,53190.10,AUD,Wire
25,29,2025-07-10,0.00,AUD,
26,31,2025-03-27,16367.72,AUD,Wire
27,32,2025-03-23,28316.12,GBP,Wire
28,33,2026-01-10,77644.92,AUD,SEPA
29,34,2025-07-27,3441.11,GBP,Check
30,35,2025-04-08,8325.52,USD,Wire
31,37,2025-11-18,119187.54,JPY,SEPA
32,38,2025-06-14,38525.04,AUD,Check
33,39,2025-07-04,24242.76,EUR,Wire
34,40,2025-09-12,44653.38,JPY,Card
35,41,2025-11-12,26809.07,AUD,Check
36,42,2025-03-20,92642.94,USD,Check
37,43,2025-06-13,50044.92,JPY,SEPA
38,44,2025-10-03,31950.67,JPY,
39,45,2025-05-03,20844.35,EUR,Check
40,46,2025-12-03,105807.19,USD,ACH
41,47,2026-01-08,26034.76,JPY,SEPA
42,48,2025-01-31,35666.21,EUR,Card
43,49,2025-12-22,1597.24,GBP,ACH
44,50,2025-06-16,41617.19,JPY,Check
45,53,2025-12-31,5119.33,GBP,
46,54,2025-10-14,51163.97,JPY,SEPA
47,55,2026-10-22,1880.80,GBP,Wire
48,56,2025-04-01,92799.95,GBP,Wire
49,58,2025-04-12,24097.93,JPY,Card
50,59,2025-04-28,50812.32,GBP,SEPA
51,61,2025-12-07,124738.53,GBP,Check
52,62,2025-08-25,15486.66,EUR,SEPA
53,63,2025-09-27,76305.35,JPY,Wire
54,64,2025-04-09,60356.50,USD,Check
55,65,2025-08-21,123786.16,AUD,Card
56,66,2025-08-04,11044.24,AUD,Wire
57,67,2025-08-16,49111.50,AUD,Card
58,68,2025-11-28,72369.95,EUR,Card
59,69,2025-08-03,22481.64,USD,SEPA
60,70,2025-07-16,85466.22,CAD,Wire
61,71,2025-06-12,12380.93,USD,SEPA
62,72,2025-10-28,55695.05,GBP,SEPA
63,73,2025-12-21,50583.56,JPY,Check
64,74,2025-03-20,21779.61,JPY,SEPA
65,75,2025-06-22,13097.71,CAD,Card
66,76,2025-04-02,52838.30,AUD,Wire
67,77,2025-05-27,52395.75,EUR,Card
68,78,2025-07-23,11918.64,CAD,Wire
69,82,2025-07-28,97753.62,USD,Wire
70,83,2025-07-12,6854.55,CAD,Card
71,84,2025-05-03,2331.49,EUR,
72,86,2025-12-02,39290.23,USD,Card
73,87,2025-12-04,10863.08,EUR,SEPA
74,88,2025-10-10,32338.18,AUD,SEPA
75,89,2026-01-28,70811.92,AUD,ACH
76,90,2025-09-18,7287.42,EUR,Wire
77,91,2025-07-02,68779.21,GBP,
78,92,2025-03-21,17380.51,USD,SEPA
79,94,2025-06-29,18401.85,CAD,SEPA
80,95,2025-01-25,3798.59,JPY,Check
81,96,2025-07-31,13890.73,CAD,Wire
82,97,2025-02-26,78676.66,AUD,Card
83,98,2025-02-20,49010.19,EUR,Card
84,99,2025-08-29,63551.28,GBP,ACH
85,100,2025-07-29,44720.31,CAD,ACH
86,101,2025-12-10,111168.43,USD,Check
87,102,2025-09-18,8561.04,CAD,SEPA
88,104,2025-09-28,32518.49,GBP,Card
89,105,2025-07-11,1212.59,CAD,ACH
90,106,2026-01-06,51986.31,GBP,Wire
91,107,2025-09-14,38081.04,CAD,Card
92,109,2025-08-25,43572.92,JPY,SEPA
93,110,2025-02-21,92301.98,CAD,SEPA
94,111,2025-08-18,136952.92,CAD,Card
95,113,2025-05-29,35703.72,GBP,Card
96,114,2026-01-30,72162.79,CAD,SEPA
97,115,2026-01-09,80762.11,JPY,SEPA
98,116,2025-07-09,32719.85,USD,Wire
99,117,2025-06-03,163777.76,CAD,Check
100,118,2025-06-21,16938.10,CAD,Card
101,119,2025-10-25,90876.67,USD,Check
102,120,2025-03-02,48339.75,CAD,Wire
103,121,2025-10-11,39217.83,GBP,Wire
104,122,2025-03-28,8300.28,AUD,ACH
105,123,2025-08-25,122206.34,USD,ACH
106,125,2025-06-01,84509.86,CAD,Check
107,126,2025-10-19,81151.03,USD,
108,127,2025-12-20,67920.01,AUD,SEPA
109,129,2025-06-27,43673.50,EUR,Card
110,130,2025-01-08,44132.66,JPY,Card
111,131,2025-07-30,15007.32,USD,SEPA
112,132,2025-05-04,0.00,GBP,Card
113,133,2026-01-16,4955.47,AUD,Check
114,134,2025-05-05,60108.11,JPY,Wire
115,135,2025-10-14,162360.83,EUR,Wire
116,136,2025-02-15,29928.39,GBP,Card
117,137,2025-02-18,9114.59,EUR,Wire
118,138,2025-10-18,53314.45,AUD,SEPA
119,139,2025-09-27,2476.15,CAD,Wire
120,140,2025-11-04,50915.16,AUD,ACH
121,142,2025-10-28,57132.63,USD,SEPA
122,143,2025-04-06,66633.65,AUD,SEPA
123,144,2025-07-31,103307.42,JPY,Card
124,145,2026-01-03,55973.86,GBP,Wire
125,147,2025-06-18,110581.57,JPY,Wire
126,148,2025-09-07,139866.70,AUD,Card
127,149,2025-08-28,16111.23,USD,Wire
128,150,2025-11-30,34888.94,AUD,Check
129,151,2025-09-08,30646.31,USD,SEPA
130,152,2025-05-24,100986.53,GBP,ACH
131,153,2025-03-31,45789.51,JPY,ACH
132,154,2025-12-03,152601.06,AUD,Wire
133,155,2025-07-02,34004.99,CAD,ACH
134,157,2025-07-12,45268.77,JPY,Card
135,158,2025-09-15,64884.19,EUR,Card
136,159,2025-02-15,47507.65,USD,Card
137,160,2025-12-12,4140.95,USD,Check
138,161,2026-01-15,498.08,GBP,Check
139,162,2025-05-21,49991.01,JPY,Check
140,164,2026-01-02,44232.14,CAD,SEPA
141,166,2025-11-02,16813.76,USD,ACH
142,167,2025-12-05,39147.34,EUR,ACH
143,170,2025-08-10,68102.31,JPY,Check
144,171,2025-12-14,0.00,USD,Wire
145,172,2025-04-26,32329.40,AUD,ACH
146,173,2025-08-26,88047.93,AUD,SEPA
147,174,2025-01-24,98186.67,USD,SEPA
148,175,2025-01-18,16118.27,JPY,Wire
149,176,2025-10-03,22196.15,CAD,Check
150,177,2025-08-18,22263.42,JPY,Check
151,178,2026-01-17,14084.02,AUD,SEPA
152,179,2025-08-13,164994.66,USD,Wire
153,180,2025-09-14,31792.86,USD,Check
154,181,2025-12-24,26030.19,USD,ACH
155,182,2025-11-05,27312.72,GBP,SEPA
156,183,2026-02-08,122592.88,GBP,Check
157,184,2025-08-20,39195.99,JPY,ACH
158,185,2025-03-11,36088.93,USD,Wire
159,186,2025-03-15,66845.44,CAD,Check
160,187,2025-12-07,25691.96,JPY,ACH
161,188,2025-08-07,18715.98,AUD,ACH
162,189,2025-07-04,126073.18,USD,Card
163,190,2025-12-15,78675.16,GBP,SEPA
164,191,2025-06-23,23608.35,USD,Card
165,192,2025-10-02,77868.45,USD,
166,193,2025-02-23,47517.58,JPY,SEPA
167,194,2025-03-16,29775.50,EUR,Wire
168,195,2025-04-14,41122.96,EUR,Check
169,196,2025-09-10,66146.07,GBP,ACH
170,198,2025-08-06,125670.67,GBP,SEPA
171,199,2026-01-05,68901.44,GBP,Check
172,201,2025-07-07,87308.97,JPY,SEPA
173,202,2025-05-24,57159.44,AUD,
174,203,2026-01-27,88426.40,AUD,Check
175,204,2025-09-02,62870.49,GBP,SEPA
176,206,2025-10-10,67757.70,JPY,Card
177,207,2026-01-19,25478.27,AUD,Card
178,208,2026-01-09,5110.61,CAD,Card
179,209,2025-12-23,57315.57,GBP,Check
180,210,2025-06-26,79525.22,CAD,ACH
181,211,2025-09-18,72649.20,CAD,Wire
182,212,2025-10-17,78187.97,USD,Check
183,213,2025-04-23,56017.19,EUR,Check
184,215,2025-02-07,25923.61,GBP,Check
185,216,2025-06-03,79050.21,GBP,Wire
186,217,2025-09-04,51537.91,AUD,ACH
187,218,2025-11-30,30181.10,JPY,ACH
188,220,2025-04-21,42401.80,USD,
189,221,2025-10-23,42432.65,JPY,Card
190,222,2025-07-13,54496.69,AUD,SEPA
191,223,2025-03-07,12872.39,EUR,
192,224,2026-01-27,3374.48,CAD,SEPA
193,226,2025-07-01,0.00,JPY,Card
194,227,2025-01-26,21368.62,JPY,Check
195,230,2025-11-14,28912.51,CAD,Check
196,231,2025-10-15,24605.95,USD,ACH
197,233,2025-09-09,4094.15,USD,Check
198,235,2025-12-24,111297.88,EUR,ACH
199,236,2025-07-10,21900.37,EUR,SEPA
200,237,2025-11-27,20968.69,AUD,Card
201,238,2025-07-31,73267.05,AUD,Wire
202,239,2025-05-14,70721.55,EUR,Wire
203,240,2025-12-22,19328.76,JPY,Card
204,241,2025-04-03,15234.97,AUD,Card
205,242,2025-06-28,35369.65,AUD,SEPA
206,243,2025-11-26,22771.73,USD,Card
207,244,2025-05-22,247341.73,GBP,ACH
208,245,2025-11-14,585.91,AUD,Wire
209,246,2025-02-02,41239.48,EUR,SEPA
210,247,2025-08-11,15704.77,EUR,SEPA
211,248,2025-06-30,83063.79,USD,Wire
212,249,2025-04-18,56097.32,AUD,ACH
213,251,2026-12-20,7958.23,USD,SEPA
214,252,2025-03-19,14554.14,USD,Card
215,253,2025-06-09,46165.59,EUR,ACH
216,255,2025-08-07,134528.89,EUR,Card
217,256,2025-03-16,44230.84,JPY,Card
218,257,2025-07-03,25090.38,CAD,Check
219,258,2025-02-14,2864.55,GBP,Card
220,259,2025-05-17,79143.44,USD,SEPA
221,260,2025-05-30,26655.59,CAD,Card
222,261,2025-04-15,32245.86,JPY,ACH
223,262,2025-10-07,14498.20,USD,Wire
224,263,2025-03-07,41990.47,JPY,ACH
225,264,2025-09-15,112061.68,AUD,ACH
226,265,2025-02-25,24663.89,EUR,Wire
227,266,2026-01-12,69181.51,AUD,Check
228,268,2025-02-03,72767.37,AUD,Card
229,270,2025-06-27,62555.49,USD,ACH
230,271,2025-10-07,20430.26,CAD,SEPA
231,274,2026-11-06,67830.30,JPY,Check
232,275,2025-04-30,161653.32,CAD,ACH
233,276,2025-08-12,208437.06,USD,Wire
234,277,2025-02-23,1147.50,USD,Card
235,278,2025-06-15,49769.02,USD,Wire
236,279,2025-07-08,30133.42,CAD,Wire
237,280,2025-09-25,46851.50,AUD,Card
238,281,2025-01-15,45685.91,CAD,SEPA
239,282,2027-04-12,33460.87,JPY,Check
240,285,2025-03-03,607.69,AUD,ACH
241,287,2025-08-21,2167.53,GBP,Wire
242,288,2025-04-30,61662.29,USD,Wire
243,289,2025-09-03,31712.94,GBP,Check
244,290,2025-06-23,131072.51,AUD,Card
245,291,2025-12-19,63088.60,GBP,Card
246,292,2025-07-08,27451.30,GBP,ACH
247,295,2025-08-02,69278.71,USD,Card
248,296,2025-01-17,68526.73,AUD,Check
249,297,2025-06-27,30182.88,USD,Check
250,298,2025-08-09,3457.94,JPY,Wire
251,299,2025-05-19,43972.03,EUR,SEPA
252,301,2025-07-17,27111.44,CAD,Wire
253,302,2025-11-08,68178.25,AUD,Check
254,303,2025-10-04,14222.04,GBP,
255,304,2025-07-10,31345.50,GBP,Wire
256,305,2025-10-06,298.52,EUR,
257,306,2025-05-20,8814.40,AUD,Wire
258,307,2025-06-06,73736.28,JPY,Check
259,308,2025-04-21,11289.70,AUD,SEPA
260,309,2026-01-28,7085.49,CAD,Wire
261,311,2025-02-11,98448.33,JPY,ACH
262,312,2025-04-16,29028.36,EUR,
263,313,2025-12-05,93709.79,USD,SEPA
264,314,2026-01-02,62742.68,GBP,Wire
265,315,2025-09-14,21361.08,AUD,Check
266,317,2025-04-23,1931.81,GBP,Card
267,318,2026-01-01,65076.99,CAD,Check
268,320,2025-05-25,14505.02,AUD,ACH
269,321,2025-12-19,10126.07,USD,SEPA
270,322,2025-03-12,38453.50,AUD,
271,323,2025-08-22,16684.79,JPY,Wire
272,325,2025-01-21,6420.46,USD,SEPA
273,327,2025-10-08,9489.96,AUD,Card
274,328,2025-04-07,59267.80,EUR,
275,329,2025-11-13,141547.68,EUR,Wire
276,331,2026-01-01,82664.95,USD,Card
277,332,2025-06-06,49086.66,USD,Check
278,333,2025-09-09,55718.48,AUD,
279,334,2025-08-14,11463.48,GBP,Wire
280,335,2025-06-04,53476.11,AUD,SEPA
281,336,2025-10-31,37997.21,EUR,SEPA
282,338,2025-08-09,14650.12,CAD,
283,339,2025-09-18,24833.41,EUR,Card
284,342,2025-10-27,47303.85,JPY,ACH
285,343,2025-11-27,74205.35,JPY,Wire
286,344,2025-11-30,181585.83,USD,ACH
287,345,2025-10-10,27590.66,GBP,ACH
288,346,2025-11-14,31367.09,JPY,SEPA
289,347,2025-12-31,54322.86,GBP,Check
290,348,2025-06-23,37332.00,GBP,ACH
291,350,2025-09-18,0.00,AUD,SEPA
292,351,2025-04-22,58503.17,JPY,Wire
293,352,2025-07-12,60974.87,EUR,Card
294,355,2025-04-26,70978.61,CAD,ACH
295,357,2025-09-10,29598.27,EUR,Check
296,358,2025-03-17,34793.06,EUR,SEPA
297,359,2025-05-11,23222.68,JPY,Wire
298,360,2025-02-11,70030.25,EUR,Card
299,362,2025-07-13,67444.71,GBP,
300,363,2025-09-22,43345.12,GBP,SEPA
301,364,2025-09-19,63982.88,AUD,Check
302,365,2026-01-01,84045.62,GBP,SEPA
303,366,2025-05-21,58651.07,CAD,
304,367,2025-04-12,9410.91,GBP,Wire
305,368,2025-08-18,125834.14,CAD,Card
306,372,2025-07-08,53913.79,JPY,Check
307,374,2025-10-03,76896.14,CAD,Card
308,375,2025-05-01,20805.98,JPY,SEPA
309,378,2025-03-31,82408.04,JPY,ACH
310,379,2025-01-21,4978.98,CAD,SEPA
311,380,2025-01-16,13623.51,CAD,SEPA
312,382,2025-10-05,18406.29,USD,ACH
313,383,2025-10-30,99633.61,AUD,SEPA
314,384,2025-10-09,24105.33,JPY,Check
315,385,2025-03-25,64328.05,CAD,ACH
316,387,2025-02-18,19322.33,USD,Wire
317,388,2025-08-10,44851.00,GBP,
318,389,2027-01-20,30842.72,AUD,Check
319,390,2025-11-22,53476.38,USD,Card
320,391,2025-04-08,45268.35,GBP,Wire
321,393,2025-01-16,4588.10,CAD,Wire
322,394,2025-09-27,42677.82,GBP,Wire
323,395,2025-06-14,50358.70,EUR,Card
324,396,2025-11-25,23509.71,USD,SEPA
325,397,2026-01-12,14861.54,JPY,SEPA
326,398,2025-07-27,24919.92,JPY,SEPA
327,399,2025-08-27,83247.93,JPY,Card
328,400,2025-03-06,48656.79,USD,
329,401,2025-11-07,79196.80,JPY,Check
330,402,2026-01-03,98987.72,EUR,Check
331,403,2025-08-04,13212.03,AUD,Check
332,404,2025-12-19,38254.94,AUD,ACH
333,406,2025-09-30,19651.49,JPY,Wire
334,408,2025-04-16,67540.42,EUR,ACH
335,409,2025-05-15,62510.57,EUR,Card
336,410,2025-11-25,43571.02,JPY,Wire
337,412,2025-01-18,33377.45,CAD,
338,413,2025-05-09,185735.11,GBP,Wire
339,415,2025-09-29,116732.31,EUR,Card
340,416,2025-12-07,58800.54,CAD,Wire
341,419,2025-04-28,74832.50,JPY,Wire
342,420,2026-01-10,12290.88,JPY,Check
343,421,2025-10-24,82726.52,CAD,Card
344,424,2026-01-21,61121.08,GBP,Check
345,425,2025-04-04,58299.55,AUD,Check
346,426,2025-06-21,86514.58,AUD,Wire
347,427,2025-07-13,62391.43,EUR,ACH
348,429,2025-12-19,48938.04,CAD,Wire
349,430,2025-02-05,102121.21,EUR,Check
350,431,2025-06-17,21814.63,GBP,Wire
351,433,2025-02-27,59933.94,CAD,ACH
352,434,2025-07-24,63490.42,AUD,Card
353,435,2025-07-21,29139.30,AUD,Wire
354,436,2025-05-21,7156.47,JPY,
355,437,2026-01-02,23390.92,CAD,SEPA
356,438,2025-05-21,16976.83,AUD,Check
357,439,2025-10-27,72487.74,GBP,SEPA
358,440,2025-01-29,79568.06,JPY,SEPA
359,441,2025-07-02,49308.14,AUD,Wire
360,442,2025-10-28,37047.83,GBP,Card
361,443,2025-09-26,41205.84,JPY,Check
362,444,2025-04-19,29363.92,GBP,SEPA
363,445,2025-09-14,150036.43,AUD,ACH
364,446,2025-09-22,2879.30,CAD,Card
365,447,2025-06-30,62651.07,USD,Card
366,450,2025-04-04,19612.95,CAD,
367,451,2025-12-31,2385.52,AUD,Check
368,452,2025-10-06,104802.60,AUD,Check
369,453,2025-03-01,46777.82,JPY,SEPA
370,454,2025-03-04,0.00,USD,Card
371,455,2025-09-01,183358.37,GBP,Card
372,456,2025-01-24,6007.93,AUD,Check
373,457,2025-02-06,11662.84,CAD,SEPA
374,458,2025-06-14,64826.08,JPY,Card
375,460,2025-10-30,30080.53,GBP,SEPA
376,462,2025-02-24,5199.28,AUD,ACH
377,463,2025-12-15,16230.76,EUR,Wire
378,464,2025-03-25,2630.66,CAD,Card
379,465,2025-11-17,40331.47,GBP,Check
380,467,2025-03-22,34593.44,JPY,Wire
381,469,2025-07-14,38290.91,AUD,ACH
382,470,2025-04-05,7098.66,JPY,Wire
383,471,2025-07-21,729.50,AUD,
384,472,2025-04-22,64426.80,AUD,Card
385,473,2025-01-30,44150.55,CAD,Wire
386,474,2025-03-01,3305.44,CAD,Card
387,475,2025-07-14,50670.50,CAD,Wire
388,476,2025-10-03,95083.54,USD,SEPA
389,477,2025-12-20,44273.71,EUR,SEPA
390,478,2025-11-30,36418.46,AUD,Check
391,479,2025-09-21,15442.91,EUR,Wire
392,481,2026-02-09,28229.58,GBP,Check
393,482,2025-05-13,8640.61,CAD,Wire
394,483,2025-05-28,87997.56,GBP,Wire
395,484,2025-02-06,37429.30,EUR,Wire
396,485,2025-11-04,72303.38,EUR,Card
397,486,2025-03-10,78955.88,GBP,Check
398,487,2025-09-21,7104.71,JPY,Wire
399,488,2025-11-13,45716.23,CAD,Card
400,490,2025-02-01,3042.12,AUD,ACH
401,491,2025-12-08,87874.08,EUR,Wire
402,492,2025-04-25,65888.89,EUR,Wire
403,493,2025-07-06,42271.05,USD,SEPA
404,494,2025-01-28,13580.99,CAD,Card
405,495,2025-03-13,102017.09,CAD,Wire
406,496,2025-10-17,87058.27,AUD,SEPA
407,497,2025-01-28,45626.59,AUD,ACH
408,498,2025-03-09,40134.47,JPY,ACH
409,499,2026-01-20,12733.94,GBP,
410,501,2025-02-17,3436.54,USD,Wire
411,502,2025-06-16,12652.59,JPY,Wire
412,503,2025-08-08,58335.80,AUD,SEPA
413,504,2025-11-21,11573.77,GBP,ACH
414,506,2025-03-13,21712.23,AUD,Check
415,507,2025-08-25,86824.25,CAD,ACH
416,508,2025-02-03,46310.38,USD,Check
417,509,2025-09-16,35695.81,GBP,SEPA
418,510,2025-08-11,50306.91,AUD,ACH
419,511,2025-02-10,161636.05,AUD,SEPA
420,513,2025-10-01,15760.14,AUD,Card
421,514,2025-02-12,189.80,GBP,Card
422,515,2025-08-20,109174.06,AUD,Check
423,516,2025-05-27,0.00,CAD,SEPA
424,517,2025-06-19,1412.97,JPY,SEPA
425,518,2025-04-26,13671.48,USD,SEPA
426,519,2025-11-01,15152.22,CAD,Card
427,520,2025-08-16,77284.52,GBP,Wire
428,521,2025-11-02,14692.42,GBP,Check
429,524,2025-07-29,19916.32,JPY,Wire
430,525,2025-11-06,19732.29,AUD,Card
431,526,2025-06-10,7645.09,EUR,Card
432,527,2025-12-28,62356.72,USD,Check
433,529,2025-11-18,18525.18,CAD,Card
434,530,2025-10-18,75579.06,CAD,Check
435,531,2025-08-10,5674.67,CAD,SEPA
436,532,2025-04-24,96879.32,CAD,
437,533,2025-02-20,3079.72,USD,ACH
438,534,2025-06-22,34943.11,GBP,Check
439,535,2025-05-20,94867.58,AUD,Card
440,537,2025-06-08,21804.01,JPY,ACH
441,538,2027-02-08,30809.76,JPY,Wire
442,539,2025-10-11,60724.90,JPY,Card
443,541,2025-09-16,11161.24,AUD,Check
444,542,2025-11-08,507.06,GBP,Check
445,543,2026-01-13,0.00,CAD,Wire
446,544,2025-07-04,49137.92,AUD,
447,545,2025-11-22,27023.23,EUR,Wire
448,546,2025-07-28,86478.25,JPY,ACH
449,547,2025-05-04,9610.29,AUD,Wire
450,550,2025-03-11,106511.67,JPY,Check
451,551,2025-10-07,8108.14,GBP,Card
452,552,2025-08-18,32105.66,GBP,ACH
453,553,2025-10-07,0.00,AUD,Check
454,554,2025-09-02,59530.64,GBP,Card
455,557,2025-06-14,1202.60,GBP,ACH
456,560,2025-08-09,20535.17,JPY,Wire
457,561,2026-01-02,41985.32,GBP,Check
458,563,2025-11-04,66094.65,USD,Card
459,564,2025-12-21,77076.93,AUD,SEPA
460,565,2025-04-19,40971.00,EUR,Card
461,566,2025-07-24,63280.07,EUR,ACH
462,567,2025-08-05,42416.94,GBP,SEPA
463,568,2025-07-27,146707.02,EUR,Check
464,569,2025-03-12,26030.08,GBP,Card
465,570,2025-05-13,21555.23,EUR,Check
466,571,2025-02-22,20876.04,JPY,
467,572,2025-06-30,13994.28,AUD,Wire
468,573,2025-06-16,30528.31,AUD,ACH
469,575,2025-02-16,19616.43,AUD,Card
470,577,2025-12-28,105930.09,EUR,SEPA
471,578,2025-06-16,1429.23,GBP,Check
472,579,2026-01-21,131911.04,GBP,ACH
473,580,2025-10-25,4439.59,EUR,SEPA
474,581,2025-10-01,103094.11,CAD,Check
475,582,2025-09-13,90178.59,GBP,SEPA
476,583,2025-10-22,39364.82,USD,Check
477,584,2025-07-28,93217.25,CAD,SEPA
478,586,2025-03-09,61193.89,USD,ACH
479,588,2025-12-17,42940.20,GBP,ACH
480,589,2025-02-10,4275.95,JPY,Check
481,590,2025-03-02,69406.66,JPY,Card
482,591,2025-11-27,92700.02,USD,Card
483,592,2025-10-17,5731.20,CAD,Card
484,593,2026-01-01,22012.22,EUR,Wire
485,594,2025-12-07,51717.72,AUD,ACH
486,595,2025-04-26,150695.72,AUD,Check
487,596,2025-08-25,121588.52,CAD,Card
488,597,2025-12-29,26354.02,CAD,Check
489,598,2025-07-17,27185.11,GBP,SEPA
490,599,2025-02-04,71391.22,USD,Card
491,600,2025-03-28,2578.48,GBP,Check
492,601,2025-02-26,1898.35,GBP,SEPA
493,602,2025-07-30,47887.99,CAD,ACH
494,603,2025-06-21,9345.71,EUR,Check
495,604,2025-09-09,34188.76,AUD,Wire
496,606,2025-07-31,72428.11,USD,Check
497,607,2025-12-11,63228.62,AUD,
498,608,2025-02-21,15931.20,GBP,ACH
499,609,2025-08-23,48290.66,CAD,Wire
500,611,2025-03-23,64281.03,AUD,Card
501,612,2025-11-07,64383.74,CAD,Card
502,613,2025-11-06,112088.77,JPY,Wire
503,614,2025-03-23,65469.31,GBP,Card
504,615,2025-11-11,33980.35,EUR,Wire
505,617,2025-02-18,50570.08,CAD,Card
506,618,2025-01-25,4421.85,AUD,Card
507,619,2025-02-12,70550.66,EUR,SEPA
508,620,2025-06-02,108465.22,EUR,ACH
509,621,2025-12-17,39029.85,USD,Card
510,622,2025-12-11,70016.22,USD,Wire
511,623,2025-12-09,34661.97,USD,ACH
512,624,2025-12-30,52396.32,CAD,Card
513,626,2025-01-18,43396.29,GBP,SEPA
514,628,2025-05-16,73688.00,GBP,SEPA
515,629,2025-08-15,83097.95,USD,Check
516,630,2025-07-29,35607.53,JPY,
517,631,2025-03-26,205006.76,CAD,Wire
518,632,2025-05-25,18986.31,AUD,SEPA
519,633,2026-01-12,76635.04,EUR,Wire
520,634,2025-03-21,27681.72,EUR,ACH
521,636,2025-08-15,74723.99,AUD,Check
522,639,2025-09-03,31627.85,JPY,ACH
523,641,2025-01-27,51578.91,EUR,Wire
524,642,2025-04-17,29958.02,CAD,Card
525,643,2025-09-23,39080.71,USD,Card
526,644,2025-12-22,40836.65,CAD,ACH
527,645,2025-09-23,172936.60,EUR,SEPA
528,646,2025-07-22,29123.17,USD,Check
529,649,2025-03-03,49191.75,AUD,
530,650,2025-01-27,42846.23,JPY,SEPA
531,651,2025-05-13,13691.76,AUD,Wire
532,652,2025-02-21,0.00,GBP,Wire
533,653,2025-10-15,89615.04,CAD,SEPA
534,654,2025-07-04,43038.87,EUR,ACH
535,655,2026-01-10,35703.96,AUD,Card
536,657,2027-02-07,28401.86,EUR,Wire
537,658,2025-09-04,142668.55,CAD,SEPA
538,659,2025-06-06,27276.78,EUR,Check
539,662,2026-01-21,192218.11,EUR,Card
540,663,2025-02-19,117969.85,GBP,Card
541,664,2025-08-14,2638.42,JPY,Card
542,665,2025-06-23,45997.32,EUR,SEPA
543,666,2025-11-01,1535.13,USD,Card
544,667,2026-01-05,9006.88,GBP,Check
545,670,2025-01-03,4215.74,USD,Card
546,671,2025-05-13,20828.99,JPY,ACH
547,672,2025-12-08,104676.49,AUD,Wire
548,674,2025-08-12,12480.67,USD,Card
549,675,2025-06-29,70712.20,JPY,Check
550,676,2025-04-24,20313.62,CAD,SEPA
551,677,2025-08-29,42285.04,CAD,ACH
552,678,2027-03-15,127690.08,AUD,
553,679,2025-08-07,21657.85,USD,
554,680,2025-03-28,21088.93,CAD,SEPA
555,681,2025-07-07,34702.34,USD,Check
556,682,2025-05-10,13484.92,GBP,ACH
557,683,2025-03-21,39262.67,EUR,Wire
558,684,2025-10-03,95972.56,GBP,Card
559,685,2025-06-13,37603.53,USD,Check
560,686,2025-09-14,87441.96,USD,ACH
561,687,2025-12-29,29518.74,GBP,SEPA
562,688,2025-09-30,50123.78,USD,Check
563,690,2025-03-31,66707.59,USD,Wire
564,691,2025-03-31,13139.27,GBP,Card
565,693,2025-01-17,79757.30,AUD,Card
566,694,2025-02-28,163169.16,CAD,SEPA
567,695,2025-07-26,43008.89,AUD,
568,696,2025-09-27,22395.55,AUD,Wire
569,697,2026-01-20,104119.29,JPY,Check
570,698,2025-11-13,24364.87,EUR,SEPA
571,700,2025-05-10,31276.09,CAD,Wire
572,702,2025-05-15,54771.12,JPY,Card
573,703,2026-01-26,130205.18,JPY,Card
574,704,2025-04-18,52703.53,AUD,Check
575,705,2025-09-17,41743.52,JPY,Card
576,706,2025-02-07,53407.40,CAD,ACH
577,707,2026-01-17,1312.71,EUR,Wire
578,708,2025-04-01,61921.33,CAD,Card
579,709,2025-06-19,3855.51,AUD,Wire
580,710,2025-09-18,61990.67,USD,Wire
581,712,2025-01-28,126460.73,CAD,Check
582,714,2025-07-18,115334.58,EUR,SEPA
583,715,2025-08-17,49780.76,JPY,SEPA
584,716,2027-03-26,96814.32,USD,Card
585,717,2026-01-16,25753.01,USD,SEPA
586,718,2025-09-28,60554.35,JPY,Wire
587,719,2025-10-22,56281.06,EUR,ACH
588,720,2025-11-15,16821.09,AUD,Card
589,721,2025-11-22,0.00,CAD,Card
590,722,2025-11-16,45860.78,EUR,ACH
591,723,2025-10-31,38234.54,JPY,SEPA
592,724,2025-11-07,59398.13,GBP,Check
593,725,2025-09-15,70850.54,GBP,SEPA
594,726,2026-01-21,61062.81,AUD,ACH
595,727,2025-11-08,7496.27,GBP,Check
596,728,2025-04-13,31351.04,GBP,ACH
597,730,2025-04-01,8669.62,EUR,SEPA
598,731,2025-09-12,52685.94,USD,Check
599,732,2025-12-09,30418.13,JPY,Card
600,733,2025-12-30,4947.96,EUR,Check
601,735,2025-10-24,82825.14,JPY,SEPA
602,736,2025-01-11,109565.37,JPY,Check
603,739,2025-07-29,35628.74,EUR,SEPA
604,741,2025-09-12,1009.14,JPY,ACH
605,742,2025-06-11,51.25,USD,SEPA
606,743,2025-06-05,77379.47,AUD,ACH
607,744,2025-04-03,16036.47,AUD,Wire
608,745,2025-04-25,36240.17,USD,SEPA
609,746,2025-08-13,115183.16,GBP,Wire
610,747,2025-06-01,19462.40,GBP,Card
611,748,2025-06-29,26684.60,EUR,ACH
612,749,2025-03-20,125832.15,EUR,Card
613,750,2025-05-17,17273.64,CAD,
614,751,2025-10-12,36912.98,USD,Check
615,752,2025-07-31,59753.97,CAD,ACH
616,754,2025-08-12,67194.89,AUD,SEPA
617,755,2025-06-27,9186.53,GBP,Card
618,756,2025-07-30,165323.32,JPY,ACH
619,757,2025-10-14,26061.70,AUD,ACH
620,758,2025-02-13,91016.63,JPY,Wire
621,759,2025-12-23,74245.85,JPY,Card
622,760,2025-07-08,63108.86,USD,Check
623,761,2025-11-09,48067.72,CAD,ACH
624,762,2025-02-27,31547.23,AUD,
625,763,2025-11-26,30347.55,EUR,Card
626,764,2025-06-23,22468.14,CAD,Card
627,765,2025-04-05,49591.41,CAD,Wire
628,766,2025-09-13,38170.54,AUD,Check
629,769,2025-04-18,52232.65,USD,Check
630,770,2025-12-15,176823.92,USD,ACH
631,771,2025-04-22,26792.03,CAD,Card
632,772,2025-09-27,46431.88,AUD,Card
633,773,2025-05-31,94342.42,USD,ACH
634,774,2025-03-31,86343.83,GBP,Card
635,775,2025-04-14,122666.86,USD,
636,777,2025-03-08,47324.91,JPY,Check
637,778,2025-02-13,100107.25,EUR,Wire
638,779,2025-08-28,53791.60,CAD,Wire
639,783,2025-09-24,88741.24,JPY,Wire
640,784,2025-10-01,28426.24,JPY,
641,785,2025-06-26,7760.62,AUD,SEPA
642,786,2025-08-26,58252.65,GBP,Card
643,787,2025-04-27,1690.24,CAD,
644,789,2025-09-09,12979.64,AUD,ACH
645,790,2025-11-30,37527.01,EUR,
646,791,2025-01-26,78345.60,CAD,Check
647,792,2025-08-21,78489.24,USD,Wire
648,795,2025-10-23,49029.62,JPY,Wire
649,796,2026-01-28,59154.02,GBP,ACH
650,797,2025-11-26,88216.81,GBP,ACH
651,798,2025-06-27,28983.13,CAD,ACH
652,799,2025-12-22,1906.45,USD,ACH
653,800,2025-08-07,31680.85,GBP,SEPA
654,801,2025-12-29,33448.40,EUR,Check
655,802,2025-03-23,13066.07,CAD,ACH
656,803,2025-05-30,1023.22,CAD,Card
657,806,2025-12-24,161784.43,USD,Wire
658,807,2025-03-02,49310.61,GBP,SEPA
659,808,2025-04-06,61454.44,EUR,Card
660,810,2025-02-02,89265.03,EUR,SEPA
661,811,2026-01-13,33177.39,CAD,Card
662,813,2025-06-27,136922.78,GBP,Check
663,814,2025-12-02,23183.37,GBP,Check
664,817,2025-02-19,36195.15,EUR,Check
665,819,2025-03-17,75763.21,EUR,Check
666,822,2025-10-08,89181.21,CAD,Wire
667,823,2025-12-19,21949.21,USD,Check
668,824,2025-05-12,24468.60,GBP,
669,825,2025-08-31,46607.23,CAD,ACH
670,826,2025-11-30,43714.67,AUD,Wire
671,827,2025-08-12,18856.04,GBP,Wire
672,829,2025-08-30,100841.90,JPY,Wire
673,830,2025-12-13,25922.64,JPY,ACH
674,831,2025-11-09,67067.13,JPY,SEPA
675,832,2025-09-12,39590.59,EUR,Wire
676,833,2025-06-13,39350.78,GBP,ACH
677,834,2025-09-05,48747.35,EUR,
678,835,2025-12-07,17409.82,GBP,Check
679,836,2025-12-26,158737.79,GBP,Wire
680,837,2025-07-28,13507.80,GBP,SEPA
681,838,2025-08-13,32631.72,GBP,Card
682,841,2025-03-16,15605.95,EUR,Check
683,842,2025-10-27,7723.82,AUD,Wire
684,843,2025-12-21,119271.10,GBP,ACH
685,844,2025-06-25,21080.55,GBP,Card
686,845,2025-09-24,32516.96,CAD,Check
687,846,2025-02-18,18183.27,USD,Check
688,847,2025-08-10,17664.37,CAD,ACH
689,848,2025-02-26,78106.19,EUR,Card
690,850,2025-08-23,22325.43,USD,Wire
691,851,2025-11-20,17526.30,GBP,Check
692,853,2025-04-13,50976.99,EUR,Card
693,856,2025-07-04,5859.47,USD,
694,857,2025-10-06,28803.80,AUD,Check
695,858,2025-04-06,108669.49,JPY,SEPA
696,859,2025-08-06,110754.82,USD,SEPA
697,860,2025-09-26,78298.18,CAD,Check
698,861,2025-03-12,181167.67,AUD,ACH
699,862,2025-09-04,79553.96,JPY,Wire
700,863,2025-09-27,26773.67,USD,Card
701,864,2025-09-09,115460.15,USD,Card
702,865,2025-11-10,21764.80,EUR,SEPA
703,866,2025-07-02,48307.16,JPY,ACH
704,867,2025-09-30,90946.54,CAD,ACH
705,868,2025-12-16,62208.28,AUD,Card
706,870,2025-01-27,96284.47,AUD,
707,871,2025-01-18,38718.70,EUR,Card
708,872,2025-04-25,15242.44,USD,SEPA
709,874,2025-01-09,27654.50,USD,Check
710,875,2025-08-05,5747.45,JPY,ACH
711,876,2025-11-04,51505.74,AUD,Card
712,879,2025-11-15,29234.64,GBP,ACH
713,880,2025-11-21,12709.34,GBP,ACH
714,881,2025-07-08,23324.08,GBP,SEPA
715,882,2025-06-14,4209.65,CAD,Card
716,884,2025-08-17,5715.99,GBP,Check
717,885,2025-02-07,10682.41,JPY,
718,886,2025-09-09,17302.77,GBP,ACH
719,887,2025-12-25,20560.96,GBP,
720,888,2025-03-05,0.00,GBP,Card
721,889,2025-12-03,386.05,AUD,Wire
722,891,2025-03-18,69695.87,GBP,ACH
723,892,2025-04-25,51530.29,CAD,Check
724,893,2025-04-28,35262.52,CAD,Check
725,896,2025-09-18,32164.18,AUD,Check
726,897,2025-07-27,51685.45,AUD,SEPA
727,899,2025-02-27,43681.83,GBP,Check
728,900,2025-09-17,1135.65,EUR,
729,901,2025-06-05,118981.68,CAD,Check
730,904,2025-04-09,74821.55,CAD,Check
731,905,2025-11-22,50848.20,GBP,Card
732,907,2025-05-26,6658.32,USD,Card
733,908,2025-09-24,28632.77,USD,ACH
734,909,2025-03-16,81083.91,AUD,Card
735,910,2025-04-29,11781.93,GBP,SEPA
736,911,2025-11-09,93031.71,USD,Card
737,913,2025-09-19,46779.83,JPY,SEPA
738,914,2025-05-28,37330.45,EUR,Card
739,915,2025-12-27,4589.60,USD,ACH
740,917,2025-02-15,111789.48,CAD,Card
741,918,2025-02-20,52446.07,JPY,SEPA
742,919,2025-12-18,104475.87,USD,Check
743,921,2025-09-05,36507.79,GBP,ACH
744,922,2025-07-09,44554.15,JPY,Wire
745,923,2025-07-19,6124.08,EUR,Check
746,924,2025-12-06,70414.11,USD,SEPA
747,926,2025-07-24,7382.79,USD,Wire
748,927,2025-09-14,99332.26,EUR,Check
749,928,2025-06-29,137412.82,EUR,ACH
750,929,2025-05-22,106136.50,AUD,Check
751,930,2025-01-09,98905.27,GBP,SEPA
752,932,2025-06-28,2021.51,EUR,Card
753,933,2025-12-17,70312.11,USD,ACH
754,934,2025-10-02,56512.11,AUD,Wire
755,935,2025-12-26,15575.96,AUD,Wire
756,936,2025-11-18,25894.34,EUR,Card
757,937,2025-09-20,6895.13,CAD,Check
758,938,2025-06-27,83883.92,GBP,Check
759,939,2025-06-17,107470.96,GBP,Check
760,940,2025-07-15,29219.88,EUR,SEPA
761,941,2025-03-05,38226.06,GBP,Card
762,942,2025-03-04,110030.91,USD,Card
763,945,2025-11-20,27227.87,USD,Wire
764,946,2025-05-22,2344.21,GBP,SEPA
765,947,2026-01-01,79900.48,USD,
766,948,2025-08-28,104603.24,JPY,Check
767,949,2025-07-11,76585.61,JPY,SEPA
768,950,2025-11-23,59022.87,AUD,Wire
769,951,2025-02-10,89573.67,USD,Wire
770,952,2025-08-16,44255.69,EUR,Card
771,953,2026-01-06,18101.00,USD,ACH
772,954,2025-07-19,5927.21,GBP,ACH
773,955,2025-05-27,39992.06,JPY,SEPA
774,956,2025-02-23,3577.78,CAD,ACH
775,957,2025-03-23,30726.01,JPY,Wire
776,958,2025-04-27,37743.24,AUD,SEPA
777,959,2025-01-31,36070.17,EUR,SEPA
778,960,2025-05-10,153309.90,USD,ACH
779,961,2025-02-27,31185.04,JPY,Check
780,962,2027-03-13,41472.64,JPY,Card
781,963,2025-07-31,12027.00,AUD,Card
782,964,2025-09-14,32975.37,GBP,ACH
783,966,2026-11-17,31038.15,USD,ACH
784,967,2026-01-12,63849.23,AUD,SEPA
785,968,2025-11-29,26628.87,AUD,Wire
786,969,2025-04-07,68713.59,USD,Card
787,970,2025-10-02,13732.66,JPY,SEPA
788,971,2025-09-05,109261.20,USD,Check
789,972,2026-01-03,91362.40,USD,ACH
790,973,2025-06-19,84660.27,USD,Card
791,974,2025-09-03,21701.76,AUD,ACH
792,975,2025-09-30,5966.91,AUD,Check
793,977,2025-12-21,1909.93,JPY,Card
794,978,2025-01-15,165031.19,JPY,Wire
795,979,2025-05-04,126763.31,CAD,SEPA
796,980,2026-02-09,11405.23,AUD,ACH
797,981,2025-04-27,39389.40,AUD,SEPA
798,982,2025-05-05,47825.78,USD,Wire
799,983,2025-04-22,82659.46,GBP,ACH
800,984,2025-05-02,136025.43,USD,ACH
801,985,2025-12-17,88125.11,JPY,Wire
802,986,2025-02-27,5712.03,EUR,Check
803,987,2025-08-22,69086.06,USD,SEPA
804,988,2025-03-20,61959.40,USD,Check
805,989,2025-05-22,36548.63,GBP,ACH
806,990,2025-04-03,43074.47,EUR,Wire
807,991,2027-02-16,40749.05,GBP,Check
808,992,2025-06-26,115199.47,GBP,SEPA
809,993,2025-10-25,5012.03,JPY,ACH
810,994,2025-09-30,4132.93,AUD,SEPA
811,996,2025-04-29,101980.88,USD,Wire
812,997,2025-12-06,32502.82,CAD,ACH
813,998,2025-12-29,25597.30,AUD,SEPA
814,999,2025-06-20,26246.01,EUR,Card
815,226,2025-06-18,0.00,JPY,Card
816,231,2025-10-30,40841.18,USD,Check
817,264,2025-08-10,162352.72,AUD,Check
818,267,2025-05-30,51446.05,JPY,ACH
819,290,2025-06-02,177762.22,AUD,
820,295,2025-07-27,123570.31,USD,Wire
821,354,2025-05-20,78628.48,JPY,Card
822,407,2025-11-26,15581.63,EUR,SEPA
823,443,2025-09-28,89566.87,JPY,SEPA
824,470,2025-04-11,7962.63,JPY,Wire
825,609,2025-08-23,27838.62,CAD,Wire
826,642,2025-05-05,35526.34,CAD,Check
827,707,2026-01-01,1008.61,EUR,
828,778,2025-01-30,68784.63,EUR,Card
829,909,2025-04-09,35131.71,AUD,Card
830,943,2025-10-24,91227.29,AUD,SEPA
831,961,2025-03-16,38239.32,JPY,ACH
